Run,Sam.file.name,LABID
GTseq.prod.all1,z0005757_Mnov_GTseek_022_134_PLT_2.fastq.sam,z0005757
GTseq.prod.all2,z0005758_Mnov_GTseek_022_002_PLT_2.fastq.sam,z0005758
GTseq.prod.all3,z0007446_Mnov_GTseek_029_159_PLT_9.fastq.sam,z0007446
GTseq.prod.all4,z0009880_Mnov_GTseek_029_163_PLT_9.fastq.sam,z0009880
GTseq.prod.all5,z0011162_Mnov_GTseek_028_133_PLT_8.fastq.sam,z0011162
GTseq.prod.all6,z0011944_Mnov_GTseek_022_136_PLT_2.fastq.sam,z0011944
GTseq.prod.all8,z0012201_Mnov_GTseek_028_139_PLT_8.fastq.sam,z0012201
GTseq.prod.all9,z0012201_Mnov_GTseek_028_159_PLT_8.fastq.sam,z0012201
GTseq.prod.all10,z0012701_Mnov_GTseek_029_155_PLT_9.fastq.sam,z0012701
GTseq.prod.all11,z0016577_Mnov_GTseek_022_004_PLT_2.fastq.sam,z0016577
GTseq.prod.all12,z0016578_Mnov_GTseek_022_006_PLT_2.fastq.sam,z0016578
GTseq.prod.all13,z0016579_Mnov_GTseek_022_138_PLT_2.fastq.sam,z0016579
GTseq.prod.all14,z0017317_Mnov_GTseek_028_129_PLT_8.fastq.sam,z0017317
GTseq.prod.all15,z0025405_Mnov_GTseek_029_041_PLT_9.fastq.sam,z0025405
GTseq.prod.all17,z0025439_Mnov_GTseek_028_131_PLT_8.fastq.sam,z0025439
GTseq.prod.all18,z0025439_Mnov_GTseek_028_157_PLT_8.fastq.sam,z0025439
GTseq.prod.all19,z0029828_Mnov_GTseek_026_035_PLT_6.fastq.sam,z0029828
GTseq.prod.all20,z0029829_Mnov_GTseek_022_008_PLT_2.fastq.sam,z0029829
GTseq.prod.all21,z0029831_Mnov_GTseek_022_010_PLT_2.fastq.sam,z0029831
GTseq.prod.all23,z0029833_Mnov_GTseek_022_140_PLT_2.fastq.sam,z0029833
GTseq.prod.all24,z0029833_Mnov_GTseek_022_188_PLT_2.fastq.sam,z0029833
GTseq.prod.all25,z0029846_Mnov_GTseek_026_037_PLT_6.fastq.sam,z0029846
GTseq.prod.all26,z0029860_Mnov_GTseek_022_012_PLT_2.fastq.sam,z0029860
GTseq.prod.all28,z0029861_Mnov_GTseek_022_014_PLT_2.fastq.sam,z0029861
GTseq.prod.all29,z0029861_Mnov_GTseek_022_172_PLT_2.fastq.sam,z0029861
GTseq.prod.all30,z0029863_Mnov_GTseek_022_016_PLT_2.fastq.sam,z0029863
GTseq.prod.all31,z0029864_Mnov_GTseek_026_039_PLT_6.fastq.sam,z0029864
GTseq.prod.all32,z0029865_Mnov_GTseek_022_018_PLT_2.fastq.sam,z0029865
GTseq.prod.all34,z0029866_Mnov_GTseek_022_020_PLT_2.fastq.sam,z0029866
GTseq.prod.all35,z0029866_Mnov_GTseek_022_174_PLT_2.fastq.sam,z0029866
GTseq.prod.all36,z0029867_Mnov_GTseek_022_022_PLT_2.fastq.sam,z0029867
GTseq.prod.all38,z0030424_Mnov_GTseek_029_165_PLT_9.fastq.sam,z0030424
GTseq.prod.all39,z0030424_Mnov_GTseek_029_191_PLT_9.fastq.sam,z0030424
GTseq.prod.all40,z0030475_Mnov_GTseek_028_121_PLT_8.fastq.sam,z0030475
GTseq.prod.all41,z0032258_Mnov_GTseek_029_167_PLT_9.fastq.sam,z0032258
GTseq.prod.all42,z0037607_Mnov_GTseek_022_142_PLT_2.fastq.sam,z0037607
GTseq.prod.all43,z0037609_Mnov_GTseek_022_024_PLT_2.fastq.sam,z0037609
GTseq.prod.all44,z0037610_Mnov_GTseek_022_026_PLT_2.fastq.sam,z0037610
GTseq.prod.all45,z0037611_Mnov_GTseek_022_028_PLT_2.fastq.sam,z0037611
GTseq.prod.all46,z0037624_Mnov_GTseek_022_030_PLT_2.fastq.sam,z0037624
GTseq.prod.all47,z0040275_Mnov_GTseek_026_041_PLT_6.fastq.sam,z0040275
GTseq.prod.all48,z0040287_Mnov_GTseek_026_043_PLT_6.fastq.sam,z0040287
GTseq.prod.all49,z0040308_Mnov_GTseek_029_001_PLT_9.fastq.sam,z0040308
GTseq.prod.all50,z0040337_Mnov_GTseek_029_157_PLT_9.fastq.sam,z0040337
GTseq.prod.all51,z0040357_Mnov_GTseek_026_045_PLT_6.fastq.sam,z0040357
GTseq.prod.all52,z0040377_Mnov_GTseek_029_003_PLT_9.fastq.sam,z0040377
GTseq.prod.all53,z0040387_Mnov_GTseek_029_005_PLT_9.fastq.sam,z0040387
GTseq.prod.all55,z0040403_Mnov_GTseek_026_047_PLT_6.fastq.sam,z0040403
GTseq.prod.all56,z0040403_Mnov_GTseek_026_175_PLT_6.fastq.sam,z0040403
GTseq.prod.all57,z0040413_Mnov_GTseek_026_049_PLT_6.fastq.sam,z0040413
GTseq.prod.all58,z0040451_Mnov_GTseek_029_007_PLT_9.fastq.sam,z0040451
GTseq.prod.all59,z0040465_Mnov_GTseek_026_051_PLT_6.fastq.sam,z0040465
GTseq.prod.all60,z0040513_Mnov_GTseek_026_053_PLT_6.fastq.sam,z0040513
GTseq.prod.all61,z0040957_Mnov_GTseek_026_055_PLT_6.fastq.sam,z0040957
GTseq.prod.all62,z0040960_Mnov_GTseek_029_009_PLT_9.fastq.sam,z0040960
GTseq.prod.all63,z0040961_Mnov_GTseek_026_057_PLT_6.fastq.sam,z0040961
GTseq.prod.all65,z0041026_Mnov_GTseek_029_011_PLT_9.fastq.sam,z0041026
GTseq.prod.all66,z0041026_Mnov_GTseek_029_171_PLT_9.fastq.sam,z0041026
GTseq.prod.all67,z0041072_Mnov_GTseek_026_059_PLT_6.fastq.sam,z0041072
GTseq.prod.all68,z0041115_Mnov_GTseek_029_013_PLT_9.fastq.sam,z0041115
GTseq.prod.all70,z0041145_Mnov_GTseek_026_061_PLT_6.fastq.sam,z0041145
GTseq.prod.all71,z0041145_Mnov_GTseek_026_177_PLT_6.fastq.sam,z0041145
GTseq.prod.all72,z0041153_Mnov_GTseek_026_063_PLT_6.fastq.sam,z0041153
GTseq.prod.all73,z0041174_Mnov_GTseek_029_015_PLT_9.fastq.sam,z0041174
GTseq.prod.all74,z0041233_Mnov_GTseek_026_065_PLT_6.fastq.sam,z0041233
GTseq.prod.all75,z0041243_Mnov_GTseek_026_067_PLT_6.fastq.sam,z0041243
GTseq.prod.all76,z0041248_Mnov_GTseek_026_069_PLT_6.fastq.sam,z0041248
GTseq.prod.all78,z0041250_Mnov_GTseek_026_071_PLT_6.fastq.sam,z0041250
GTseq.prod.all79,z0041250_Mnov_GTseek_026_179_PLT_6.fastq.sam,z0041250
GTseq.prod.all81,z0041274_Mnov_GTseek_029_017_PLT_9.fastq.sam,z0041274
GTseq.prod.all82,z0041274_Mnov_GTseek_029_173_PLT_9.fastq.sam,z0041274
GTseq.prod.all83,z0041465_Mnov_GTseek_026_073_PLT_6.fastq.sam,z0041465
GTseq.prod.all84,z0041472_Mnov_GTseek_026_075_PLT_6.fastq.sam,z0041472
GTseq.prod.all85,z0041480_Mnov_GTseek_026_077_PLT_6.fastq.sam,z0041480
GTseq.prod.all86,z0041483_Mnov_GTseek_026_079_PLT_6.fastq.sam,z0041483
GTseq.prod.all88,z0041494_Mnov_GTseek_026_081_PLT_6.fastq.sam,z0041494
GTseq.prod.all89,z0041494_Mnov_GTseek_026_181_PLT_6.fastq.sam,z0041494
GTseq.prod.all90,z0041498_Mnov_GTseek_026_083_PLT_6.fastq.sam,z0041498
GTseq.prod.all91,z0041501_Mnov_GTseek_026_085_PLT_6.fastq.sam,z0041501
GTseq.prod.all92,z0041507_Mnov_GTseek_026_087_PLT_6.fastq.sam,z0041507
GTseq.prod.all93,z0041512_Mnov_GTseek_026_089_PLT_6.fastq.sam,z0041512
GTseq.prod.all94,z0041514_Mnov_GTseek_026_091_PLT_6.fastq.sam,z0041514
GTseq.prod.all95,z0041519_Mnov_GTseek_026_093_PLT_6.fastq.sam,z0041519
GTseq.prod.all96,z0041521_Mnov_GTseek_026_095_PLT_6.fastq.sam,z0041521
GTseq.prod.all97,z0041522_Mnov_GTseek_026_097_PLT_6.fastq.sam,z0041522
GTseq.prod.all98,z0041526_Mnov_GTseek_026_099_PLT_6.fastq.sam,z0041526
GTseq.prod.all99,z0041527_Mnov_GTseek_026_101_PLT_6.fastq.sam,z0041527
GTseq.prod.all100,z0042288_Mnov_GTseek_028_135_PLT_8.fastq.sam,z0042288
GTseq.prod.all101,z0043243_Mnov_GTseek_026_103_PLT_6.fastq.sam,z0043243
GTseq.prod.all102,z0043267_Mnov_GTseek_026_105_PLT_6.fastq.sam,z0043267
GTseq.prod.all103,z0043278_Mnov_GTseek_026_107_PLT_6.fastq.sam,z0043278
GTseq.prod.all104,z0043464_Mnov_GTseek_026_109_PLT_6.fastq.sam,z0043464
GTseq.prod.all105,z0043468_Mnov_GTseek_026_111_PLT_6.fastq.sam,z0043468
GTseq.prod.all106,z0043475_Mnov_GTseek_026_113_PLT_6.fastq.sam,z0043475
GTseq.prod.all108,z0043477_Mnov_GTseek_026_115_PLT_6.fastq.sam,z0043477
GTseq.prod.all109,z0043477_Mnov_GTseek_026_183_PLT_6.fastq.sam,z0043477
GTseq.prod.all110,z0043478_Mnov_GTseek_026_117_PLT_6.fastq.sam,z0043478
GTseq.prod.all111,z0043481_Mnov_GTseek_026_119_PLT_6.fastq.sam,z0043481
GTseq.prod.all112,z0043487_Mnov_GTseek_026_121_PLT_6.fastq.sam,z0043487
GTseq.prod.all113,z0043488_Mnov_GTseek_026_123_PLT_6.fastq.sam,z0043488
GTseq.prod.all114,z0043489_Mnov_GTseek_026_125_PLT_6.fastq.sam,z0043489
GTseq.prod.all116,z0043491_Mnov_GTseek_026_127_PLT_6.fastq.sam,z0043491
GTseq.prod.all117,z0043491_Mnov_GTseek_026_185_PLT_6.fastq.sam,z0043491
GTseq.prod.all118,z0043493_Mnov_GTseek_026_129_PLT_6.fastq.sam,z0043493
GTseq.prod.all119,z0043494_Mnov_GTseek_026_131_PLT_6.fastq.sam,z0043494
GTseq.prod.all120,z0043498_Mnov_GTseek_026_133_PLT_6.fastq.sam,z0043498
GTseq.prod.all122,z0043504_Mnov_GTseek_026_135_PLT_6.fastq.sam,z0043504
GTseq.prod.all123,z0043504_Mnov_GTseek_026_187_PLT_6.fastq.sam,z0043504
GTseq.prod.all124,z0043513_Mnov_GTseek_026_137_PLT_6.fastq.sam,z0043513
GTseq.prod.all125,z0043526_Mnov_GTseek_026_139_PLT_6.fastq.sam,z0043526
GTseq.prod.all126,z0043566_Mnov_GTseek_026_141_PLT_6.fastq.sam,z0043566
GTseq.prod.all127,z0043572_Mnov_GTseek_026_143_PLT_6.fastq.sam,z0043572
GTseq.prod.all128,z0043599_Mnov_GTseek_026_145_PLT_6.fastq.sam,z0043599
GTseq.prod.all129,z0043627_Mnov_GTseek_029_019_PLT_9.fastq.sam,z0043627
GTseq.prod.all130,z0043631_Mnov_GTseek_026_147_PLT_6.fastq.sam,z0043631
GTseq.prod.all131,z0043640_Mnov_GTseek_026_149_PLT_6.fastq.sam,z0043640
GTseq.prod.all133,z0043642_Mnov_GTseek_026_151_PLT_6.fastq.sam,z0043642
GTseq.prod.all134,z0043642_Mnov_GTseek_026_189_PLT_6.fastq.sam,z0043642
GTseq.prod.all135,z0043649_Mnov_GTseek_026_153_PLT_6.fastq.sam,z0043649
GTseq.prod.all136,z0043650_Mnov_GTseek_026_155_PLT_6.fastq.sam,z0043650
GTseq.prod.all137,z0043652_Mnov_GTseek_026_157_PLT_6.fastq.sam,z0043652
GTseq.prod.all138,z0043666_Mnov_GTseek_026_159_PLT_6.fastq.sam,z0043666
GTseq.prod.all139,z0043668_Mnov_GTseek_026_161_PLT_6.fastq.sam,z0043668
GTseq.prod.all140,z0043674_Mnov_GTseek_026_163_PLT_6.fastq.sam,z0043674
GTseq.prod.all141,z0043678_Mnov_GTseek_029_021_PLT_9.fastq.sam,z0043678
GTseq.prod.all142,z0043684_Mnov_GTseek_026_165_PLT_6.fastq.sam,z0043684
GTseq.prod.all144,z0043686_Mnov_GTseek_026_167_PLT_6.fastq.sam,z0043686
GTseq.prod.all145,z0043686_Mnov_GTseek_026_191_PLT_6.fastq.sam,z0043686
GTseq.prod.all146,z0043693_Mnov_GTseek_026_169_PLT_6.fastq.sam,z0043693
GTseq.prod.all148,z0043704_Mnov_GTseek_027_001_PLT_7.fastq.sam,z0043704
GTseq.prod.all149,z0043704_Mnov_GTseek_027_171_PLT_7.fastq.sam,z0043704
GTseq.prod.all150,z0043716_Mnov_GTseek_027_003_PLT_7.fastq.sam,z0043716
GTseq.prod.all151,z0043724_Mnov_GTseek_027_005_PLT_7.fastq.sam,z0043724
GTseq.prod.all152,z0043747_Mnov_GTseek_027_007_PLT_7.fastq.sam,z0043747
GTseq.prod.all153,z0043789_Mnov_GTseek_027_009_PLT_7.fastq.sam,z0043789
GTseq.prod.all154,z0043807_Mnov_GTseek_027_011_PLT_7.fastq.sam,z0043807
GTseq.prod.all155,z0043819_Mnov_GTseek_027_013_PLT_7.fastq.sam,z0043819
GTseq.prod.all156,z0043839_Mnov_GTseek_027_015_PLT_7.fastq.sam,z0043839
GTseq.prod.all157,z0043876_Mnov_GTseek_027_017_PLT_7.fastq.sam,z0043876
GTseq.prod.all158,z0043877_Mnov_GTseek_027_019_PLT_7.fastq.sam,z0043877
GTseq.prod.all159,z0043891_Mnov_GTseek_027_021_PLT_7.fastq.sam,z0043891
GTseq.prod.all160,z0043898_Mnov_GTseek_027_023_PLT_7.fastq.sam,z0043898
GTseq.prod.all161,z0043904_Mnov_GTseek_027_025_PLT_7.fastq.sam,z0043904
GTseq.prod.all162,z0043905_Mnov_GTseek_027_027_PLT_7.fastq.sam,z0043905
GTseq.prod.all163,z0043915_Mnov_GTseek_027_029_PLT_7.fastq.sam,z0043915
GTseq.prod.all164,z0043934_Mnov_GTseek_027_031_PLT_7.fastq.sam,z0043934
GTseq.prod.all166,z0043940_Mnov_GTseek_027_033_PLT_7.fastq.sam,z0043940
GTseq.prod.all167,z0043940_Mnov_GTseek_027_173_PLT_7.fastq.sam,z0043940
GTseq.prod.all168,z0043954_Mnov_GTseek_027_035_PLT_7.fastq.sam,z0043954
GTseq.prod.all169,z0043979_Mnov_GTseek_027_037_PLT_7.fastq.sam,z0043979
GTseq.prod.all171,z0043980_Mnov_GTseek_027_039_PLT_7.fastq.sam,z0043980
GTseq.prod.all172,z0043980_Mnov_GTseek_027_175_PLT_7.fastq.sam,z0043980
GTseq.prod.all173,z0043994_Mnov_GTseek_027_041_PLT_7.fastq.sam,z0043994
GTseq.prod.all174,z0044017_Mnov_GTseek_027_043_PLT_7.fastq.sam,z0044017
GTseq.prod.all175,z0044019_Mnov_GTseek_027_045_PLT_7.fastq.sam,z0044019
GTseq.prod.all176,z0044023_Mnov_GTseek_027_047_PLT_7.fastq.sam,z0044023
GTseq.prod.all177,z0044033_Mnov_GTseek_027_049_PLT_7.fastq.sam,z0044033
GTseq.prod.all179,z0044042_Mnov_GTseek_027_051_PLT_7.fastq.sam,z0044042
GTseq.prod.all180,z0044042_Mnov_GTseek_027_177_PLT_7.fastq.sam,z0044042
GTseq.prod.all181,z0044044_Mnov_GTseek_027_053_PLT_7.fastq.sam,z0044044
GTseq.prod.all182,z0044047_Mnov_GTseek_027_055_PLT_7.fastq.sam,z0044047
GTseq.prod.all183,z0044056_Mnov_GTseek_027_057_PLT_7.fastq.sam,z0044056
GTseq.prod.all184,z0044059_Mnov_GTseek_027_059_PLT_7.fastq.sam,z0044059
GTseq.prod.all185,z0044064_Mnov_GTseek_027_061_PLT_7.fastq.sam,z0044064
GTseq.prod.all186,z0044074_Mnov_GTseek_027_063_PLT_7.fastq.sam,z0044074
GTseq.prod.all187,z0044432_Mnov_GTseek_027_065_PLT_7.fastq.sam,z0044432
GTseq.prod.all188,z0045317_Mnov_GTseek_027_067_PLT_7.fastq.sam,z0045317
GTseq.prod.all189,z0045326_Mnov_GTseek_022_144_PLT_2.fastq.sam,z0045326
GTseq.prod.all190,z0045329_Mnov_GTseek_022_146_PLT_2.fastq.sam,z0045329
GTseq.prod.all191,z0045331_Mnov_GTseek_022_032_PLT_2.fastq.sam,z0045331
GTseq.prod.all193,z0045332_Mnov_GTseek_022_148_PLT_2.fastq.sam,z0045332
GTseq.prod.all194,z0045332_Mnov_GTseek_022_190_PLT_2.fastq.sam,z0045332
GTseq.prod.all195,z0045333_Mnov_GTseek_027_069_PLT_7.fastq.sam,z0045333
GTseq.prod.all196,z0045337_Mnov_GTseek_022_150_PLT_2.fastq.sam,z0045337
GTseq.prod.all197,z0045342_Mnov_GTseek_022_034_PLT_2.fastq.sam,z0045342
GTseq.prod.all198,z0045344_Mnov_GTseek_027_071_PLT_7.fastq.sam,z0045344
GTseq.prod.all199,z0045347_Mnov_GTseek_022_036_PLT_2.fastq.sam,z0045347
GTseq.prod.all200,z0045350_Mnov_GTseek_027_073_PLT_7.fastq.sam,z0045350
GTseq.prod.all201,z0045352_Mnov_GTseek_022_038_PLT_2.fastq.sam,z0045352
GTseq.prod.all202,z0045357_Mnov_GTseek_022_152_PLT_2.fastq.sam,z0045357
GTseq.prod.all203,z0045358_Mnov_GTseek_022_154_PLT_2.fastq.sam,z0045358
GTseq.prod.all204,z0045371_Mnov_GTseek_022_040_PLT_2.fastq.sam,z0045371
GTseq.prod.all206,z0045398_Mnov_GTseek_022_042_PLT_2.fastq.sam,z0045398
GTseq.prod.all207,z0045398_Mnov_GTseek_022_176_PLT_2.fastq.sam,z0045398
GTseq.prod.all208,z0045399_Mnov_GTseek_022_044_PLT_2.fastq.sam,z0045399
GTseq.prod.all209,z0045401_Mnov_GTseek_022_046_PLT_2.fastq.sam,z0045401
GTseq.prod.all210,z0045404_Mnov_GTseek_027_075_PLT_7.fastq.sam,z0045404
GTseq.prod.all211,z0045405_Mnov_GTseek_022_048_PLT_2.fastq.sam,z0045405
GTseq.prod.all212,z0045407_Mnov_GTseek_022_050_PLT_2.fastq.sam,z0045407
GTseq.prod.all213,z0045710_Mnov_GTseek_027_077_PLT_7.fastq.sam,z0045710
GTseq.prod.all215,z0045719_Mnov_GTseek_027_079_PLT_7.fastq.sam,z0045719
GTseq.prod.all216,z0045719_Mnov_GTseek_027_179_PLT_7.fastq.sam,z0045719
GTseq.prod.all217,z0045720_Mnov_GTseek_027_081_PLT_7.fastq.sam,z0045720
GTseq.prod.all218,z0045728_Mnov_GTseek_027_083_PLT_7.fastq.sam,z0045728
GTseq.prod.all220,z0045731_Mnov_GTseek_027_085_PLT_7.fastq.sam,z0045731
GTseq.prod.all221,z0045731_Mnov_GTseek_027_181_PLT_7.fastq.sam,z0045731
GTseq.prod.all222,z0045733_Mnov_GTseek_027_087_PLT_7.fastq.sam,z0045733
GTseq.prod.all223,z0045736_Mnov_GTseek_027_089_PLT_7.fastq.sam,z0045736
GTseq.prod.all224,z0045739_Mnov_GTseek_027_091_PLT_7.fastq.sam,z0045739
GTseq.prod.all225,z0045740_Mnov_GTseek_027_093_PLT_7.fastq.sam,z0045740
GTseq.prod.all226,z0045741_Mnov_GTseek_027_095_PLT_7.fastq.sam,z0045741
GTseq.prod.all227,z0045742_Mnov_GTseek_027_097_PLT_7.fastq.sam,z0045742
GTseq.prod.all228,z0045776_Mnov_GTseek_027_099_PLT_7.fastq.sam,z0045776
GTseq.prod.all229,z0045779_Mnov_GTseek_027_101_PLT_7.fastq.sam,z0045779
GTseq.prod.all230,z0045781_Mnov_GTseek_027_103_PLT_7.fastq.sam,z0045781
GTseq.prod.all232,z0045788_Mnov_GTseek_027_105_PLT_7.fastq.sam,z0045788
GTseq.prod.all233,z0045788_Mnov_GTseek_027_183_PLT_7.fastq.sam,z0045788
GTseq.prod.all234,z0045789_Mnov_GTseek_027_107_PLT_7.fastq.sam,z0045789
GTseq.prod.all235,z0045791_Mnov_GTseek_027_109_PLT_7.fastq.sam,z0045791
GTseq.prod.all236,z0045792_Mnov_GTseek_022_052_PLT_2.fastq.sam,z0045792
GTseq.prod.all237,z0045793_Mnov_GTseek_022_156_PLT_2.fastq.sam,z0045793
GTseq.prod.all238,z0046923_Mnov_GTseek_027_111_PLT_7.fastq.sam,z0046923
GTseq.prod.all239,z0046925_Mnov_GTseek_027_113_PLT_7.fastq.sam,z0046925
GTseq.prod.all240,z0046927_Mnov_GTseek_027_115_PLT_7.fastq.sam,z0046927
GTseq.prod.all241,z0046929_Mnov_GTseek_027_117_PLT_7.fastq.sam,z0046929
GTseq.prod.all242,z0046934_Mnov_GTseek_027_119_PLT_7.fastq.sam,z0046934
GTseq.prod.all243,z0047601_Mnov_GTseek_027_121_PLT_7.fastq.sam,z0047601
GTseq.prod.all244,z0047602_Mnov_GTseek_029_023_PLT_9.fastq.sam,z0047602
GTseq.prod.all245,z0047603_Mnov_GTseek_029_025_PLT_9.fastq.sam,z0047603
GTseq.prod.all246,z0047613_Mnov_GTseek_029_027_PLT_9.fastq.sam,z0047613
GTseq.prod.all247,z0049019_Mnov_GTseek_022_158_PLT_2.fastq.sam,z0049019
GTseq.prod.all248,z0049020_Mnov_GTseek_022_160_PLT_2.fastq.sam,z0049020
GTseq.prod.all250,z0051185_Mnov_GTseek_027_123_PLT_7.fastq.sam,z0051185
GTseq.prod.all251,z0051185_Mnov_GTseek_027_185_PLT_7.fastq.sam,z0051185
GTseq.prod.all252,z0051324_Mnov_GTseek_022_054_PLT_2.fastq.sam,z0051324
GTseq.prod.all253,z0051326_Mnov_GTseek_027_125_PLT_7.fastq.sam,z0051326
GTseq.prod.all254,z0051328_Mnov_GTseek_027_127_PLT_7.fastq.sam,z0051328
GTseq.prod.all256,z0051380_Mnov_GTseek_022_056_PLT_2.fastq.sam,z0051380
GTseq.prod.all257,z0051380_Mnov_GTseek_022_178_PLT_2.fastq.sam,z0051380
GTseq.prod.all258,z0051381_Mnov_GTseek_022_058_PLT_2.fastq.sam,z0051381
GTseq.prod.all259,z0051399_Mnov_GTseek_027_129_PLT_7.fastq.sam,z0051399
GTseq.prod.all261,z0051400_Mnov_GTseek_022_162_PLT_2.fastq.sam,z0051400
GTseq.prod.all262,z0051400_Mnov_GTseek_022_192_PLT_2.fastq.sam,z0051400
GTseq.prod.all263,z0051402_Mnov_GTseek_022_164_PLT_2.fastq.sam,z0051402
GTseq.prod.all264,z0051404_Mnov_GTseek_027_131_PLT_7.fastq.sam,z0051404
GTseq.prod.all265,z0051405_Mnov_GTseek_027_133_PLT_7.fastq.sam,z0051405
GTseq.prod.all266,z0051428_Mnov_GTseek_022_166_PLT_2.fastq.sam,z0051428
GTseq.prod.all267,z0051447_Mnov_GTseek_022_060_PLT_2.fastq.sam,z0051447
GTseq.prod.all268,z0051816_Mnov_GTseek_027_135_PLT_7.fastq.sam,z0051816
GTseq.prod.all269,z0051844_Mnov_GTseek_027_137_PLT_7.fastq.sam,z0051844
GTseq.prod.all270,z0051875_Mnov_GTseek_022_062_PLT_2.fastq.sam,z0051875
GTseq.prod.all271,z0051879_Mnov_GTseek_022_064_PLT_2.fastq.sam,z0051879
GTseq.prod.all272,z0051885_Mnov_GTseek_022_066_PLT_2.fastq.sam,z0051885
GTseq.prod.all273,z0051888_Mnov_GTseek_027_139_PLT_7.fastq.sam,z0051888
GTseq.prod.all274,z0051891_Mnov_GTseek_027_141_PLT_7.fastq.sam,z0051891
GTseq.prod.all275,z0051893_Mnov_GTseek_022_168_PLT_2.fastq.sam,z0051893
GTseq.prod.all276,z0051895_Mnov_GTseek_022_068_PLT_2.fastq.sam,z0051895
GTseq.prod.all277,z0051898_Mnov_GTseek_027_143_PLT_7.fastq.sam,z0051898
GTseq.prod.all278,z0051899_Mnov_GTseek_022_070_PLT_2.fastq.sam,z0051899
GTseq.prod.all279,z0051906_Mnov_GTseek_022_072_PLT_2.fastq.sam,z0051906
GTseq.prod.all280,z0051918_Mnov_GTseek_022_074_PLT_2.fastq.sam,z0051918
GTseq.prod.all281,z0051929_Mnov_GTseek_022_076_PLT_2.fastq.sam,z0051929
GTseq.prod.all282,z0051932_Mnov_GTseek_022_078_PLT_2.fastq.sam,z0051932
GTseq.prod.all283,z0051939_Mnov_GTseek_027_145_PLT_7.fastq.sam,z0051939
GTseq.prod.all285,z0051945_Mnov_GTseek_027_147_PLT_7.fastq.sam,z0051945
GTseq.prod.all286,z0051945_Mnov_GTseek_027_187_PLT_7.fastq.sam,z0051945
GTseq.prod.all287,z0051947_Mnov_GTseek_022_170_PLT_2.fastq.sam,z0051947
GTseq.prod.all288,z0051959_Mnov_GTseek_027_149_PLT_7.fastq.sam,z0051959
GTseq.prod.all290,z0051966_Mnov_GTseek_022_080_PLT_2.fastq.sam,z0051966
GTseq.prod.all291,z0051966_Mnov_GTseek_022_180_PLT_2.fastq.sam,z0051966
GTseq.prod.all292,z0051968_Mnov_GTseek_022_082_PLT_2.fastq.sam,z0051968
GTseq.prod.all294,z0052846_Mnov_GTseek_027_151_PLT_7.fastq.sam,z0052846
GTseq.prod.all295,z0052846_Mnov_GTseek_027_189_PLT_7.fastq.sam,z0052846
GTseq.prod.all296,z0052882_Mnov_GTseek_027_153_PLT_7.fastq.sam,z0052882
GTseq.prod.all297,z0053021_Mnov_GTseek_027_155_PLT_7.fastq.sam,z0053021
GTseq.prod.all298,z0053038_Mnov_GTseek_027_157_PLT_7.fastq.sam,z0053038
GTseq.prod.all299,z0053051_Mnov_GTseek_027_159_PLT_7.fastq.sam,z0053051
GTseq.prod.all300,z0053054_Mnov_GTseek_022_084_PLT_2.fastq.sam,z0053054
GTseq.prod.all302,z0053055_Mnov_GTseek_022_086_PLT_2.fastq.sam,z0053055
GTseq.prod.all303,z0053055_Mnov_GTseek_022_182_PLT_2.fastq.sam,z0053055
GTseq.prod.all304,z0053073_Mnov_GTseek_027_161_PLT_7.fastq.sam,z0053073
GTseq.prod.all306,z0053078_Mnov_GTseek_027_163_PLT_7.fastq.sam,z0053078
GTseq.prod.all307,z0053078_Mnov_GTseek_027_191_PLT_7.fastq.sam,z0053078
GTseq.prod.all308,z0053097_Mnov_GTseek_027_165_PLT_7.fastq.sam,z0053097
GTseq.prod.all309,z0053103_Mnov_GTseek_027_167_PLT_7.fastq.sam,z0053103
GTseq.prod.all310,z0053132_Mnov_GTseek_027_169_PLT_7.fastq.sam,z0053132
GTseq.prod.all311,z0053754_Mnov_GTseek_023_002_PLT_3.fastq.sam,z0053754
GTseq.prod.all312,z0053756_Mnov_GTseek_022_088_PLT_2.fastq.sam,z0053756
GTseq.prod.all313,z0053757_Mnov_GTseek_022_090_PLT_2.fastq.sam,z0053757
GTseq.prod.all314,z0053758_Mnov_GTseek_022_092_PLT_2.fastq.sam,z0053758
GTseq.prod.all316,z0053759_Mnov_GTseek_023_004_PLT_3.fastq.sam,z0053759
GTseq.prod.all317,z0053759_Mnov_GTseek_023_172_PLT_3.fastq.sam,z0053759
GTseq.prod.all318,z0053842_Mnov_GTseek_022_094_PLT_2.fastq.sam,z0053842
GTseq.prod.all319,z0053843_Mnov_GTseek_022_096_PLT_2.fastq.sam,z0053843
GTseq.prod.all320,z0053844_Mnov_GTseek_023_006_PLT_3.fastq.sam,z0053844
GTseq.prod.all321,z0053845_Mnov_GTseek_022_098_PLT_2.fastq.sam,z0053845
GTseq.prod.all322,z0053849_Mnov_GTseek_023_008_PLT_3.fastq.sam,z0053849
GTseq.prod.all323,z0055884_Mnov_GTseek_029_049_PLT_9.fastq.sam,z0055884
GTseq.prod.all324,z0055895_Mnov_GTseek_029_083_PLT_9.fastq.sam,z0055895
GTseq.prod.all325,z0055896_Mnov_GTseek_029_051_PLT_9.fastq.sam,z0055896
GTseq.prod.all326,z0055903_Mnov_GTseek_028_001_PLT_8.fastq.sam,z0055903
GTseq.prod.all327,z0055908_Mnov_GTseek_028_003_PLT_8.fastq.sam,z0055908
GTseq.prod.all328,z0055909_Mnov_GTseek_029_053_PLT_9.fastq.sam,z0055909
GTseq.prod.all330,z0055910_Mnov_GTseek_029_105_PLT_9.fastq.sam,z0055910
GTseq.prod.all331,z0055910_Mnov_GTseek_029_183_PLT_9.fastq.sam,z0055910
GTseq.prod.all333,z0055912_Mnov_GTseek_028_005_PLT_8.fastq.sam,z0055912
GTseq.prod.all334,z0055912_Mnov_GTseek_028_145_PLT_8.fastq.sam,z0055912
GTseq.prod.all335,z0055915_Mnov_GTseek_029_057_PLT_9.fastq.sam,z0055915
GTseq.prod.all336,z0055916_Mnov_GTseek_028_007_PLT_8.fastq.sam,z0055916
GTseq.prod.all337,z0055928_Mnov_GTseek_029_107_PLT_9.fastq.sam,z0055928
GTseq.prod.all338,z0055931_Mnov_GTseek_028_009_PLT_8.fastq.sam,z0055931
GTseq.prod.all339,z0055932_Mnov_GTseek_029_061_PLT_9.fastq.sam,z0055932
GTseq.prod.all340,z0055936_Mnov_GTseek_029_113_PLT_9.fastq.sam,z0055936
GTseq.prod.all341,z0055944_Mnov_GTseek_028_011_PLT_8.fastq.sam,z0055944
GTseq.prod.all342,z0055945_Mnov_GTseek_029_043_PLT_9.fastq.sam,z0055945
GTseq.prod.all344,z0055947_Mnov_GTseek_029_093_PLT_9.fastq.sam,z0055947
GTseq.prod.all345,z0055947_Mnov_GTseek_029_181_PLT_9.fastq.sam,z0055947
GTseq.prod.all346,z0055948_Mnov_GTseek_029_097_PLT_9.fastq.sam,z0055948
GTseq.prod.all347,z0055957_Mnov_GTseek_029_109_PLT_9.fastq.sam,z0055957
GTseq.prod.all348,z0055959_Mnov_GTseek_029_103_PLT_9.fastq.sam,z0055959
GTseq.prod.all349,z0055962_Mnov_GTseek_028_013_PLT_8.fastq.sam,z0055962
GTseq.prod.all350,z0055963_Mnov_GTseek_029_087_PLT_9.fastq.sam,z0055963
GTseq.prod.all352,z0055965_Mnov_GTseek_029_115_PLT_9.fastq.sam,z0055965
GTseq.prod.all353,z0055965_Mnov_GTseek_029_185_PLT_9.fastq.sam,z0055965
GTseq.prod.all354,z0055970_Mnov_GTseek_029_091_PLT_9.fastq.sam,z0055970
GTseq.prod.all355,z0055971_Mnov_GTseek_028_015_PLT_8.fastq.sam,z0055971
GTseq.prod.all356,z0055977_Mnov_GTseek_028_017_PLT_8.fastq.sam,z0055977
GTseq.prod.all357,z0055986_Mnov_GTseek_029_085_PLT_9.fastq.sam,z0055986
GTseq.prod.all358,z0055990_Mnov_GTseek_029_099_PLT_9.fastq.sam,z0055990
GTseq.prod.all359,z0055999_Mnov_GTseek_028_019_PLT_8.fastq.sam,z0055999
GTseq.prod.all360,z0056001_Mnov_GTseek_029_089_PLT_9.fastq.sam,z0056001
GTseq.prod.all361,z0056010_Mnov_GTseek_029_095_PLT_9.fastq.sam,z0056010
GTseq.prod.all362,z0056011_Mnov_GTseek_029_117_PLT_9.fastq.sam,z0056011
GTseq.prod.all363,z0056012_Mnov_GTseek_029_111_PLT_9.fastq.sam,z0056012
GTseq.prod.all364,z0056020_Mnov_GTseek_028_021_PLT_8.fastq.sam,z0056020
GTseq.prod.all365,z0056029_Mnov_GTseek_029_119_PLT_9.fastq.sam,z0056029
GTseq.prod.all366,z0056044_Mnov_GTseek_029_121_PLT_9.fastq.sam,z0056044
GTseq.prod.all367,z0056052_Mnov_GTseek_029_047_PLT_9.fastq.sam,z0056052
GTseq.prod.all368,z0056056_Mnov_GTseek_029_065_PLT_9.fastq.sam,z0056056
GTseq.prod.all369,z0056058_Mnov_GTseek_029_067_PLT_9.fastq.sam,z0056058
GTseq.prod.all370,z0056059_Mnov_GTseek_029_069_PLT_9.fastq.sam,z0056059
GTseq.prod.all371,z0056062_Mnov_GTseek_029_123_PLT_9.fastq.sam,z0056062
GTseq.prod.all372,z0056063_Mnov_GTseek_029_125_PLT_9.fastq.sam,z0056063
GTseq.prod.all373,z0056064_Mnov_GTseek_029_127_PLT_9.fastq.sam,z0056064
GTseq.prod.all374,z0056065_Mnov_GTseek_029_129_PLT_9.fastq.sam,z0056065
GTseq.prod.all375,z0056066_Mnov_GTseek_029_131_PLT_9.fastq.sam,z0056066
GTseq.prod.all376,z0056069_Mnov_GTseek_029_133_PLT_9.fastq.sam,z0056069
GTseq.prod.all377,z0056070_Mnov_GTseek_023_010_PLT_3.fastq.sam,z0056070
GTseq.prod.all378,z0056072_Mnov_GTseek_029_071_PLT_9.fastq.sam,z0056072
GTseq.prod.all380,z0056073_Mnov_GTseek_029_073_PLT_9.fastq.sam,z0056073
GTseq.prod.all381,z0056073_Mnov_GTseek_029_179_PLT_9.fastq.sam,z0056073
GTseq.prod.all382,z0056074_Mnov_GTseek_029_075_PLT_9.fastq.sam,z0056074
GTseq.prod.all383,z0056076_Mnov_GTseek_029_135_PLT_9.fastq.sam,z0056076
GTseq.prod.all385,z0056079_Mnov_GTseek_029_147_PLT_9.fastq.sam,z0056079
GTseq.prod.all386,z0056079_Mnov_GTseek_029_189_PLT_9.fastq.sam,z0056079
GTseq.prod.all387,z0056081_Mnov_GTseek_029_077_PLT_9.fastq.sam,z0056081
GTseq.prod.all388,z0056082_Mnov_GTseek_029_081_PLT_9.fastq.sam,z0056082
GTseq.prod.all389,z0056083_Mnov_GTseek_029_079_PLT_9.fastq.sam,z0056083
GTseq.prod.all390,z0056085_Mnov_GTseek_029_137_PLT_9.fastq.sam,z0056085
GTseq.prod.all391,z0056089_Mnov_GTseek_029_045_PLT_9.fastq.sam,z0056089
GTseq.prod.all392,z0056090_Mnov_GTseek_029_139_PLT_9.fastq.sam,z0056090
GTseq.prod.all393,z0056092_Mnov_GTseek_029_029_PLT_9.fastq.sam,z0056092
GTseq.prod.all394,z0056093_Mnov_GTseek_029_141_PLT_9.fastq.sam,z0056093
GTseq.prod.all396,z0056095_Mnov_GTseek_029_143_PLT_9.fastq.sam,z0056095
GTseq.prod.all397,z0056095_Mnov_GTseek_029_187_PLT_9.fastq.sam,z0056095
GTseq.prod.all398,z0056100_Mnov_GTseek_029_145_PLT_9.fastq.sam,z0056100
GTseq.prod.all399,z0056102_Mnov_GTseek_029_149_PLT_9.fastq.sam,z0056102
GTseq.prod.all400,z0056103_Mnov_GTseek_029_151_PLT_9.fastq.sam,z0056103
GTseq.prod.all401,z0056104_Mnov_GTseek_029_153_PLT_9.fastq.sam,z0056104
GTseq.prod.all403,z0056106_Mnov_GTseek_029_055_PLT_9.fastq.sam,z0056106
GTseq.prod.all404,z0056106_Mnov_GTseek_029_177_PLT_9.fastq.sam,z0056106
GTseq.prod.all405,z0056110_Mnov_GTseek_029_059_PLT_9.fastq.sam,z0056110
GTseq.prod.all406,z0056111_Mnov_GTseek_029_063_PLT_9.fastq.sam,z0056111
GTseq.prod.all407,z0056337_Mnov_GTseek_029_101_PLT_9.fastq.sam,z0056337
GTseq.prod.all408,z0056374_Mnov_GTseek_023_012_PLT_3.fastq.sam,z0056374
GTseq.prod.all409,z0056375_Mnov_GTseek_028_023_PLT_8.fastq.sam,z0056375
GTseq.prod.all410,z0056377_Mnov_GTseek_023_014_PLT_3.fastq.sam,z0056377
GTseq.prod.all411,z0056378_Mnov_GTseek_023_016_PLT_3.fastq.sam,z0056378
GTseq.prod.all412,z0056380_Mnov_GTseek_022_100_PLT_2.fastq.sam,z0056380
GTseq.prod.all413,z0056382_Mnov_GTseek_023_018_PLT_3.fastq.sam,z0056382
GTseq.prod.all414,z0056384_Mnov_GTseek_022_102_PLT_2.fastq.sam,z0056384
GTseq.prod.all415,z0056386_Mnov_GTseek_022_104_PLT_2.fastq.sam,z0056386
GTseq.prod.all417,z0056392_Mnov_GTseek_022_106_PLT_2.fastq.sam,z0056392
GTseq.prod.all418,z0056392_Mnov_GTseek_022_184_PLT_2.fastq.sam,z0056392
GTseq.prod.all419,z0056393_Mnov_GTseek_022_108_PLT_2.fastq.sam,z0056393
GTseq.prod.all420,z0056394_Mnov_GTseek_023_020_PLT_3.fastq.sam,z0056394
GTseq.prod.all421,z0056395_Mnov_GTseek_023_022_PLT_3.fastq.sam,z0056395
GTseq.prod.all422,z0056396_Mnov_GTseek_022_110_PLT_2.fastq.sam,z0056396
GTseq.prod.all423,z0056397_Mnov_GTseek_023_024_PLT_3.fastq.sam,z0056397
GTseq.prod.all424,z0056399_Mnov_GTseek_023_026_PLT_3.fastq.sam,z0056399
GTseq.prod.all425,z0061527_Mnov_GTseek_028_025_PLT_8.fastq.sam,z0061527
GTseq.prod.all426,z0061967_Mnov_GTseek_023_028_PLT_3.fastq.sam,z0061967
GTseq.prod.all427,z0061969_Mnov_GTseek_022_112_PLT_2.fastq.sam,z0061969
GTseq.prod.all428,z0061971_Mnov_GTseek_028_027_PLT_8.fastq.sam,z0061971
GTseq.prod.all429,z0061973_Mnov_GTseek_022_114_PLT_2.fastq.sam,z0061973
GTseq.prod.all430,z0061976_Mnov_GTseek_022_116_PLT_2.fastq.sam,z0061976
GTseq.prod.all431,z0061978_Mnov_GTseek_022_118_PLT_2.fastq.sam,z0061978
GTseq.prod.all433,z0061980_Mnov_GTseek_028_029_PLT_8.fastq.sam,z0061980
GTseq.prod.all434,z0061980_Mnov_GTseek_028_147_PLT_8.fastq.sam,z0061980
GTseq.prod.all435,z0061982_Mnov_GTseek_028_031_PLT_8.fastq.sam,z0061982
GTseq.prod.all437,z0062886_Mnov_GTseek_028_123_PLT_8.fastq.sam,z0062886
GTseq.prod.all438,z0062886_Mnov_GTseek_028_155_PLT_8.fastq.sam,z0062886
GTseq.prod.all439,z0063092_Mnov_GTseek_028_033_PLT_8.fastq.sam,z0063092
GTseq.prod.all441,z0063304_Mnov_GTseek_028_035_PLT_8.fastq.sam,z0063304
GTseq.prod.all442,z0063304_Mnov_GTseek_028_149_PLT_8.fastq.sam,z0063304
GTseq.prod.all443,z0066166_Mnov_GTseek_023_030_PLT_3.fastq.sam,z0066166
GTseq.prod.all444,z0067213_Mnov_GTseek_028_125_PLT_8.fastq.sam,z0067213
GTseq.prod.all446,z0068471_Mnov_GTseek_023_032_PLT_3.fastq.sam,z0068471
GTseq.prod.all447,z0068471_Mnov_GTseek_023_174_PLT_3.fastq.sam,z0068471
GTseq.prod.all448,z0068566_Mnov_GTseek_023_034_PLT_3.fastq.sam,z0068566
GTseq.prod.all449,z0075691_Mnov_GTseek_028_037_PLT_8.fastq.sam,z0075691
GTseq.prod.all450,z0100814_Mnov_GTseek_028_137_PLT_8.fastq.sam,z0100814
GTseq.prod.all451,z0101084_Mnov_GTseek_023_036_PLT_3.fastq.sam,z0101084
GTseq.prod.all452,z0101085_Mnov_GTseek_022_120_PLT_2.fastq.sam,z0101085
GTseq.prod.all453,z0101101_Mnov_GTseek_022_122_PLT_2.fastq.sam,z0101101
GTseq.prod.all454,z0107055_Mnov_GTseek_029_031_PLT_9.fastq.sam,z0107055
GTseq.prod.all455,z0107073_Mnov_GTseek_029_033_PLT_9.fastq.sam,z0107073
GTseq.prod.all456,z0107078_Mnov_GTseek_029_035_PLT_9.fastq.sam,z0107078
GTseq.prod.all458,z0107080_Mnov_GTseek_029_037_PLT_9.fastq.sam,z0107080
GTseq.prod.all459,z0107080_Mnov_GTseek_029_175_PLT_9.fastq.sam,z0107080
GTseq.prod.all460,z0107099_Mnov_GTseek_028_039_PLT_8.fastq.sam,z0107099
GTseq.prod.all461,z0107101_Mnov_GTseek_028_041_PLT_8.fastq.sam,z0107101
GTseq.prod.all462,z0108473_Mnov_GTseek_023_038_PLT_3.fastq.sam,z0108473
GTseq.prod.all463,z0108480_Mnov_GTseek_023_040_PLT_3.fastq.sam,z0108480
GTseq.prod.all464,z0108489_Mnov_GTseek_028_043_PLT_8.fastq.sam,z0108489
GTseq.prod.all465,z0108494_Mnov_GTseek_022_124_PLT_2.fastq.sam,z0108494
GTseq.prod.all466,z0108508_Mnov_GTseek_023_042_PLT_3.fastq.sam,z0108508
GTseq.prod.all467,z0108510_Mnov_GTseek_029_039_PLT_9.fastq.sam,z0108510
GTseq.prod.all469,z0108513_Mnov_GTseek_022_126_PLT_2.fastq.sam,z0108513
GTseq.prod.all470,z0108513_Mnov_GTseek_022_186_PLT_2.fastq.sam,z0108513
GTseq.prod.all471,z0108516_Mnov_GTseek_022_128_PLT_2.fastq.sam,z0108516
GTseq.prod.all472,z0113607_Mnov_GTseek_028_045_PLT_8.fastq.sam,z0113607
GTseq.prod.all473,z0113619_Mnov_GTseek_028_047_PLT_8.fastq.sam,z0113619
GTseq.prod.all474,z0113620_Mnov_GTseek_028_049_PLT_8.fastq.sam,z0113620
GTseq.prod.all475,z0113628_Mnov_GTseek_028_051_PLT_8.fastq.sam,z0113628
GTseq.prod.all476,z0117063_Mnov_GTseek_029_161_PLT_9.fastq.sam,z0117063
GTseq.prod.all477,z0133302_Mnov_GTseek_023_044_PLT_3.fastq.sam,z0133302
GTseq.prod.all478,z0143977_Mnov_GTseek_029_169_PLT_9.fastq.sam,z0143977
GTseq.prod.all479,z0145207_Mnov_GTseek_028_053_PLT_8.fastq.sam,z0145207
GTseq.prod.all480,z0145401_Mnov_GTseek_028_127_PLT_8.fastq.sam,z0145401
GTseq.prod.all481,z0146081_Mnov_GTseek_028_055_PLT_8.fastq.sam,z0146081
GTseq.prod.all482,z0146087_Mnov_GTseek_028_057_PLT_8.fastq.sam,z0146087
GTseq.prod.all483,z0146094_Mnov_GTseek_028_059_PLT_8.fastq.sam,z0146094
GTseq.prod.all484,z0160234_Mnov_GTseek_028_141_PLT_8.fastq.sam,z0160234
GTseq.prod.all486,z0173485_Mnov_GTseek_023_046_PLT_3.fastq.sam,z0173485
GTseq.prod.all487,z0173485_Mnov_GTseek_023_176_PLT_3.fastq.sam,z0173485
GTseq.prod.all488,z0174005_Mnov_GTseek_028_061_PLT_8.fastq.sam,z0174005
GTseq.prod.all489,z0175351_Mnov_GTseek_028_063_PLT_8.fastq.sam,z0175351
GTseq.prod.all490,z0175354_Mnov_GTseek_028_065_PLT_8.fastq.sam,z0175354
GTseq.prod.all491,z0175364_Mnov_GTseek_022_130_PLT_2.fastq.sam,z0175364
GTseq.prod.all492,z0175371_Mnov_GTseek_022_132_PLT_2.fastq.sam,z0175371
GTseq.prod.all493,z0175377_Mnov_GTseek_028_067_PLT_8.fastq.sam,z0175377
GTseq.prod.all494,z0175378_Mnov_GTseek_028_069_PLT_8.fastq.sam,z0175378
GTseq.prod.all495,z0175381_Mnov_GTseek_028_071_PLT_8.fastq.sam,z0175381
GTseq.prod.all496,z0175912_Mnov_GTseek_028_073_PLT_8.fastq.sam,z0175912
GTseq.prod.all498,z0175914_Mnov_GTseek_028_075_PLT_8.fastq.sam,z0175914
GTseq.prod.all499,z0175914_Mnov_GTseek_028_151_PLT_8.fastq.sam,z0175914
GTseq.prod.all500,z0175915_Mnov_GTseek_028_077_PLT_8.fastq.sam,z0175915
GTseq.prod.all501,z0175916_Mnov_GTseek_028_079_PLT_8.fastq.sam,z0175916
GTseq.prod.all502,z0175927_Mnov_GTseek_028_081_PLT_8.fastq.sam,z0175927
GTseq.prod.all503,z0175928_Mnov_GTseek_028_083_PLT_8.fastq.sam,z0175928
GTseq.prod.all504,z0175930_Mnov_GTseek_028_085_PLT_8.fastq.sam,z0175930
GTseq.prod.all505,z0175937_Mnov_GTseek_028_087_PLT_8.fastq.sam,z0175937
GTseq.prod.all506,z0175950_Mnov_GTseek_023_048_PLT_3.fastq.sam,z0175950
GTseq.prod.all507,z0178294_Mnov_GTseek_023_050_PLT_3.fastq.sam,z0178294
GTseq.prod.all509,z0178296_Mnov_GTseek_023_052_PLT_3.fastq.sam,z0178296
GTseq.prod.all510,z0178296_Mnov_GTseek_023_178_PLT_3.fastq.sam,z0178296
GTseq.prod.all511,z0178305_Mnov_GTseek_023_054_PLT_3.fastq.sam,z0178305
GTseq.prod.all512,z0178348_Mnov_GTseek_028_089_PLT_8.fastq.sam,z0178348
GTseq.prod.all514,z0187811_Mnov_GTseek_028_091_PLT_8.fastq.sam,z0187811
GTseq.prod.all515,z0187811_Mnov_GTseek_028_153_PLT_8.fastq.sam,z0187811
GTseq.prod.all516,z0187819_Mnov_GTseek_028_093_PLT_8.fastq.sam,z0187819
GTseq.prod.all517,z0187837_Mnov_GTseek_028_095_PLT_8.fastq.sam,z0187837
GTseq.prod.all518,z0187842_Mnov_GTseek_028_097_PLT_8.fastq.sam,z0187842
GTseq.prod.all519,z0187846_Mnov_GTseek_028_099_PLT_8.fastq.sam,z0187846
GTseq.prod.all520,z0187857_Mnov_GTseek_028_101_PLT_8.fastq.sam,z0187857
GTseq.prod.all521,z0187859_Mnov_GTseek_028_103_PLT_8.fastq.sam,z0187859
GTseq.prod.all522,z0187860_Mnov_GTseek_028_105_PLT_8.fastq.sam,z0187860
GTseq.prod.all523,z0187868_Mnov_GTseek_028_107_PLT_8.fastq.sam,z0187868
GTseq.prod.all524,z0187885_Mnov_GTseek_028_109_PLT_8.fastq.sam,z0187885
GTseq.prod.all525,z0187906_Mnov_GTseek_028_111_PLT_8.fastq.sam,z0187906
GTseq.prod.all526,z0195258_Mnov_GTseek_023_072_PLT_3.fastq.sam,z0195258
GTseq.prod.all527,z0195642_Mnov_GTseek_023_074_PLT_3.fastq.sam,z0195642
GTseq.prod.all528,z0195643_Mnov_GTseek_023_076_PLT_3.fastq.sam,z0195643
GTseq.prod.all530,z0195644_Mnov_GTseek_023_078_PLT_3.fastq.sam,z0195644
GTseq.prod.all531,z0195644_Mnov_GTseek_023_180_PLT_3.fastq.sam,z0195644
GTseq.prod.all532,z0195645_Mnov_GTseek_023_080_PLT_3.fastq.sam,z0195645
GTseq.prod.all533,z0195646_Mnov_GTseek_023_082_PLT_3.fastq.sam,z0195646
GTseq.prod.all534,z0195647_Mnov_GTseek_023_084_PLT_3.fastq.sam,z0195647
GTseq.prod.all536,z0195648_Mnov_GTseek_023_086_PLT_3.fastq.sam,z0195648
GTseq.prod.all537,z0195648_Mnov_GTseek_023_182_PLT_3.fastq.sam,z0195648
GTseq.prod.all538,z0195650_Mnov_GTseek_023_088_PLT_3.fastq.sam,z0195650
GTseq.prod.all539,z0195651_Mnov_GTseek_023_090_PLT_3.fastq.sam,z0195651
GTseq.prod.all540,z0195653_Mnov_GTseek_023_092_PLT_3.fastq.sam,z0195653
GTseq.prod.all541,z0195656_Mnov_GTseek_023_094_PLT_3.fastq.sam,z0195656
GTseq.prod.all542,z0195657_Mnov_GTseek_023_096_PLT_3.fastq.sam,z0195657
GTseq.prod.all543,z0195658_Mnov_GTseek_023_098_PLT_3.fastq.sam,z0195658
GTseq.prod.all544,z0195659_Mnov_GTseek_023_100_PLT_3.fastq.sam,z0195659
GTseq.prod.all545,z0195660_Mnov_GTseek_023_102_PLT_3.fastq.sam,z0195660
GTseq.prod.all546,z0195661_Mnov_GTseek_023_104_PLT_3.fastq.sam,z0195661
GTseq.prod.all548,z0195662_Mnov_GTseek_023_106_PLT_3.fastq.sam,z0195662
GTseq.prod.all549,z0195662_Mnov_GTseek_023_184_PLT_3.fastq.sam,z0195662
GTseq.prod.all550,z0195664_Mnov_GTseek_023_108_PLT_3.fastq.sam,z0195664
GTseq.prod.all551,z0195665_Mnov_GTseek_023_110_PLT_3.fastq.sam,z0195665
GTseq.prod.all552,z0195667_Mnov_GTseek_023_112_PLT_3.fastq.sam,z0195667
GTseq.prod.all553,z0195668_Mnov_GTseek_023_114_PLT_3.fastq.sam,z0195668
GTseq.prod.all554,z0195669_Mnov_GTseek_023_116_PLT_3.fastq.sam,z0195669
GTseq.prod.all555,z0195670_Mnov_GTseek_023_118_PLT_3.fastq.sam,z0195670
GTseq.prod.all556,z0195671_Mnov_GTseek_023_120_PLT_3.fastq.sam,z0195671
GTseq.prod.all557,z0195672_Mnov_GTseek_023_122_PLT_3.fastq.sam,z0195672
GTseq.prod.all558,z0195673_Mnov_GTseek_023_124_PLT_3.fastq.sam,z0195673
GTseq.prod.all560,z0195674_Mnov_GTseek_023_126_PLT_3.fastq.sam,z0195674
GTseq.prod.all561,z0195674_Mnov_GTseek_023_186_PLT_3.fastq.sam,z0195674
GTseq.prod.all562,z0195675_Mnov_GTseek_023_128_PLT_3.fastq.sam,z0195675
GTseq.prod.all564,z0195677_Mnov_GTseek_023_130_PLT_3.fastq.sam,z0195677
GTseq.prod.all565,z0195677_Mnov_GTseek_023_188_PLT_3.fastq.sam,z0195677
GTseq.prod.all566,z0195678_Mnov_GTseek_023_132_PLT_3.fastq.sam,z0195678
GTseq.prod.all567,z0195679_Mnov_GTseek_023_134_PLT_3.fastq.sam,z0195679
GTseq.prod.all568,z0195680_Mnov_GTseek_023_136_PLT_3.fastq.sam,z0195680
GTseq.prod.all569,z0195681_Mnov_GTseek_023_138_PLT_3.fastq.sam,z0195681
GTseq.prod.all570,z0195682_Mnov_GTseek_023_140_PLT_3.fastq.sam,z0195682
GTseq.prod.all571,z0195684_Mnov_GTseek_023_142_PLT_3.fastq.sam,z0195684
GTseq.prod.all572,z0195685_Mnov_GTseek_023_144_PLT_3.fastq.sam,z0195685
GTseq.prod.all573,z0195686_Mnov_GTseek_023_146_PLT_3.fastq.sam,z0195686
GTseq.prod.all574,z0195687_Mnov_GTseek_023_148_PLT_3.fastq.sam,z0195687
GTseq.prod.all575,z0195689_Mnov_GTseek_023_150_PLT_3.fastq.sam,z0195689
GTseq.prod.all576,z0195690_Mnov_GTseek_023_152_PLT_3.fastq.sam,z0195690
GTseq.prod.all577,z0195693_Mnov_GTseek_023_154_PLT_3.fastq.sam,z0195693
GTseq.prod.all578,z0195694_Mnov_GTseek_023_156_PLT_3.fastq.sam,z0195694
GTseq.prod.all579,z0195695_Mnov_GTseek_023_158_PLT_3.fastq.sam,z0195695
GTseq.prod.all581,z0195696_Mnov_GTseek_023_160_PLT_3.fastq.sam,z0195696
GTseq.prod.all582,z0195696_Mnov_GTseek_023_190_PLT_3.fastq.sam,z0195696
GTseq.prod.all583,z0195697_Mnov_GTseek_023_162_PLT_3.fastq.sam,z0195697
GTseq.prod.all584,z0195700_Mnov_GTseek_023_164_PLT_3.fastq.sam,z0195700
GTseq.prod.all585,z0195702_Mnov_GTseek_023_166_PLT_3.fastq.sam,z0195702
GTseq.prod.all587,z0195703_Mnov_GTseek_023_168_PLT_3.fastq.sam,z0195703
GTseq.prod.all588,z0195703_Mnov_GTseek_023_192_PLT_3.fastq.sam,z0195703
GTseq.prod.all589,z0195705_Mnov_GTseek_023_170_PLT_3.fastq.sam,z0195705
GTseq.prod.all590,z0195706_Mnov_GTseek_024_193_PLT_4.fastq.sam,z0195706
GTseq.prod.all591,z0195707_Mnov_GTseek_024_195_PLT_4.fastq.sam,z0195707
GTseq.prod.all593,z0195708_Mnov_GTseek_024_197_PLT_4.fastq.sam,z0195708
GTseq.prod.all594,z0195708_Mnov_GTseek_024_363_PLT_4.fastq.sam,z0195708
GTseq.prod.all595,z0195709_Mnov_GTseek_024_199_PLT_4.fastq.sam,z0195709
GTseq.prod.all596,z0195710_Mnov_GTseek_024_201_PLT_4.fastq.sam,z0195710
GTseq.prod.all597,z0195711_Mnov_GTseek_024_203_PLT_4.fastq.sam,z0195711
GTseq.prod.all598,z0195712_Mnov_GTseek_024_205_PLT_4.fastq.sam,z0195712
GTseq.prod.all599,z0195713_Mnov_GTseek_024_207_PLT_4.fastq.sam,z0195713
GTseq.prod.all600,z0195714_Mnov_GTseek_024_209_PLT_4.fastq.sam,z0195714
GTseq.prod.all601,z0195715_Mnov_GTseek_024_211_PLT_4.fastq.sam,z0195715
GTseq.prod.all602,z0195716_Mnov_GTseek_024_213_PLT_4.fastq.sam,z0195716
GTseq.prod.all603,z0195717_Mnov_GTseek_024_215_PLT_4.fastq.sam,z0195717
GTseq.prod.all604,z0195718_Mnov_GTseek_024_217_PLT_4.fastq.sam,z0195718
GTseq.prod.all606,z0195720_Mnov_GTseek_024_219_PLT_4.fastq.sam,z0195720
GTseq.prod.all607,z0195720_Mnov_GTseek_024_365_PLT_4.fastq.sam,z0195720
GTseq.prod.all608,z0195721_Mnov_GTseek_024_221_PLT_4.fastq.sam,z0195721
GTseq.prod.all609,z0195722_Mnov_GTseek_024_223_PLT_4.fastq.sam,z0195722
GTseq.prod.all611,z0195724_Mnov_GTseek_024_225_PLT_4.fastq.sam,z0195724
GTseq.prod.all612,z0195724_Mnov_GTseek_024_367_PLT_4.fastq.sam,z0195724
GTseq.prod.all613,z0195725_Mnov_GTseek_024_227_PLT_4.fastq.sam,z0195725
GTseq.prod.all614,z0195727_Mnov_GTseek_024_229_PLT_4.fastq.sam,z0195727
GTseq.prod.all615,z0195728_Mnov_GTseek_024_231_PLT_4.fastq.sam,z0195728
GTseq.prod.all616,z0195729_Mnov_GTseek_024_233_PLT_4.fastq.sam,z0195729
GTseq.prod.all617,z0195730_Mnov_GTseek_024_235_PLT_4.fastq.sam,z0195730
GTseq.prod.all618,z0195731_Mnov_GTseek_024_237_PLT_4.fastq.sam,z0195731
GTseq.prod.all619,z0195732_Mnov_GTseek_024_239_PLT_4.fastq.sam,z0195732
GTseq.prod.all620,z0195733_Mnov_GTseek_024_241_PLT_4.fastq.sam,z0195733
GTseq.prod.all621,z0195734_Mnov_GTseek_024_243_PLT_4.fastq.sam,z0195734
GTseq.prod.all623,z0195735_Mnov_GTseek_024_245_PLT_4.fastq.sam,z0195735
GTseq.prod.all624,z0195735_Mnov_GTseek_024_369_PLT_4.fastq.sam,z0195735
GTseq.prod.all625,z0195736_Mnov_GTseek_024_247_PLT_4.fastq.sam,z0195736
GTseq.prod.all626,z0195737_Mnov_GTseek_024_249_PLT_4.fastq.sam,z0195737
GTseq.prod.all627,z0195738_Mnov_GTseek_024_251_PLT_4.fastq.sam,z0195738
GTseq.prod.all628,z0195739_Mnov_GTseek_024_253_PLT_4.fastq.sam,z0195739
GTseq.prod.all629,z0195740_Mnov_GTseek_024_255_PLT_4.fastq.sam,z0195740
GTseq.prod.all630,z0195741_Mnov_GTseek_024_257_PLT_4.fastq.sam,z0195741
GTseq.prod.all631,z0195742_Mnov_GTseek_024_259_PLT_4.fastq.sam,z0195742
GTseq.prod.all632,z0195743_Mnov_GTseek_024_261_PLT_4.fastq.sam,z0195743
GTseq.prod.all633,z0195748_Mnov_GTseek_024_263_PLT_4.fastq.sam,z0195748
GTseq.prod.all634,z0195749_Mnov_GTseek_024_265_PLT_4.fastq.sam,z0195749
GTseq.prod.all635,z0195750_Mnov_GTseek_024_267_PLT_4.fastq.sam,z0195750
GTseq.prod.all636,z0195751_Mnov_GTseek_024_269_PLT_4.fastq.sam,z0195751
GTseq.prod.all638,z0195753_Mnov_GTseek_024_271_PLT_4.fastq.sam,z0195753
GTseq.prod.all639,z0195753_Mnov_GTseek_024_371_PLT_4.fastq.sam,z0195753
GTseq.prod.all640,z0195754_Mnov_GTseek_024_273_PLT_4.fastq.sam,z0195754
GTseq.prod.all641,z0195755_Mnov_GTseek_024_275_PLT_4.fastq.sam,z0195755
GTseq.prod.all642,z0195756_Mnov_GTseek_024_277_PLT_4.fastq.sam,z0195756
GTseq.prod.all644,z0195757_Mnov_GTseek_024_279_PLT_4.fastq.sam,z0195757
GTseq.prod.all645,z0195757_Mnov_GTseek_024_373_PLT_4.fastq.sam,z0195757
GTseq.prod.all646,z0195758_Mnov_GTseek_024_281_PLT_4.fastq.sam,z0195758
GTseq.prod.all647,z0195759_Mnov_GTseek_024_283_PLT_4.fastq.sam,z0195759
GTseq.prod.all648,z0195760_Mnov_GTseek_024_285_PLT_4.fastq.sam,z0195760
GTseq.prod.all649,z0195761_Mnov_GTseek_024_287_PLT_4.fastq.sam,z0195761
GTseq.prod.all650,z0195763_Mnov_GTseek_024_289_PLT_4.fastq.sam,z0195763
GTseq.prod.all651,z0195764_Mnov_GTseek_024_291_PLT_4.fastq.sam,z0195764
GTseq.prod.all652,z0195766_Mnov_GTseek_024_293_PLT_4.fastq.sam,z0195766
GTseq.prod.all653,z0195769_Mnov_GTseek_024_295_PLT_4.fastq.sam,z0195769
GTseq.prod.all655,z0195770_Mnov_GTseek_024_297_PLT_4.fastq.sam,z0195770
GTseq.prod.all656,z0195770_Mnov_GTseek_024_375_PLT_4.fastq.sam,z0195770
GTseq.prod.all657,z0195771_Mnov_GTseek_024_299_PLT_4.fastq.sam,z0195771
GTseq.prod.all658,z0195772_Mnov_GTseek_024_301_PLT_4.fastq.sam,z0195772
GTseq.prod.all659,z0195773_Mnov_GTseek_024_303_PLT_4.fastq.sam,z0195773
GTseq.prod.all660,z0195775_Mnov_GTseek_024_305_PLT_4.fastq.sam,z0195775
GTseq.prod.all661,z0195776_Mnov_GTseek_024_307_PLT_4.fastq.sam,z0195776
GTseq.prod.all662,z0195777_Mnov_GTseek_024_309_PLT_4.fastq.sam,z0195777
GTseq.prod.all663,z0195778_Mnov_GTseek_024_311_PLT_4.fastq.sam,z0195778
GTseq.prod.all664,z0195779_Mnov_GTseek_024_313_PLT_4.fastq.sam,z0195779
GTseq.prod.all666,z0195780_Mnov_GTseek_024_315_PLT_4.fastq.sam,z0195780
GTseq.prod.all667,z0195780_Mnov_GTseek_024_377_PLT_4.fastq.sam,z0195780
GTseq.prod.all668,z0195781_Mnov_GTseek_024_317_PLT_4.fastq.sam,z0195781
GTseq.prod.all669,z0195782_Mnov_GTseek_024_319_PLT_4.fastq.sam,z0195782
GTseq.prod.all670,z0195783_Mnov_GTseek_024_321_PLT_4.fastq.sam,z0195783
GTseq.prod.all671,z0195786_Mnov_GTseek_024_323_PLT_4.fastq.sam,z0195786
GTseq.prod.all672,z0195787_Mnov_GTseek_024_325_PLT_4.fastq.sam,z0195787
GTseq.prod.all673,z0195791_Mnov_GTseek_024_327_PLT_4.fastq.sam,z0195791
GTseq.prod.all674,z0196686_Mnov_GTseek_023_056_PLT_3.fastq.sam,z0196686
GTseq.prod.all675,z0196687_Mnov_GTseek_023_058_PLT_3.fastq.sam,z0196687
GTseq.prod.all676,z0196689_Mnov_GTseek_023_060_PLT_3.fastq.sam,z0196689
GTseq.prod.all677,z0196690_Mnov_GTseek_023_062_PLT_3.fastq.sam,z0196690
GTseq.prod.all678,z0196691_Mnov_GTseek_023_064_PLT_3.fastq.sam,z0196691
GTseq.prod.all679,z0196692_Mnov_GTseek_023_066_PLT_3.fastq.sam,z0196692
GTseq.prod.all680,z0196693_Mnov_GTseek_023_068_PLT_3.fastq.sam,z0196693
GTseq.prod.all681,z0196694_Mnov_GTseek_023_070_PLT_3.fastq.sam,z0196694
GTseq.prod.all682,z0196707_Mnov_GTseek_024_329_PLT_4.fastq.sam,z0196707
GTseq.prod.all683,z0196708_Mnov_GTseek_024_331_PLT_4.fastq.sam,z0196708
GTseq.prod.all685,z0196709_Mnov_GTseek_024_333_PLT_4.fastq.sam,z0196709
GTseq.prod.all686,z0196709_Mnov_GTseek_024_379_PLT_4.fastq.sam,z0196709
GTseq.prod.all687,z0196710_Mnov_GTseek_024_335_PLT_4.fastq.sam,z0196710
GTseq.prod.all689,z0196711_Mnov_GTseek_024_337_PLT_4.fastq.sam,z0196711
GTseq.prod.all690,z0196711_Mnov_GTseek_024_381_PLT_4.fastq.sam,z0196711
GTseq.prod.all691,z0196713_Mnov_GTseek_024_339_PLT_4.fastq.sam,z0196713
GTseq.prod.all692,z0196714_Mnov_GTseek_024_341_PLT_4.fastq.sam,z0196714
GTseq.prod.all693,z0196715_Mnov_GTseek_024_343_PLT_4.fastq.sam,z0196715
GTseq.prod.all694,z0196718_Mnov_GTseek_024_345_PLT_4.fastq.sam,z0196718
GTseq.prod.all695,z0196721_Mnov_GTseek_024_347_PLT_4.fastq.sam,z0196721
GTseq.prod.all696,z0196722_Mnov_GTseek_024_349_PLT_4.fastq.sam,z0196722
GTseq.prod.all697,z0196723_Mnov_GTseek_024_351_PLT_4.fastq.sam,z0196723
GTseq.prod.all698,z0196724_Mnov_GTseek_024_353_PLT_4.fastq.sam,z0196724
GTseq.prod.all699,z0196725_Mnov_GTseek_024_355_PLT_4.fastq.sam,z0196725
GTseq.prod.all700,z0196726_Mnov_GTseek_024_357_PLT_4.fastq.sam,z0196726
GTseq.prod.all702,z0196727_Mnov_GTseek_024_359_PLT_4.fastq.sam,z0196727
GTseq.prod.all703,z0196727_Mnov_GTseek_024_383_PLT_4.fastq.sam,z0196727
GTseq.prod.all704,z0196728_Mnov_GTseek_024_361_PLT_4.fastq.sam,z0196728
GTseq.prod.all705,z0196731_Mnov_GTseek_025_193_PLT_5.fastq.sam,z0196731
GTseq.prod.all706,z0196732_Mnov_GTseek_025_195_PLT_5.fastq.sam,z0196732
GTseq.prod.all708,z0196736_Mnov_GTseek_025_197_PLT_5.fastq.sam,z0196736
GTseq.prod.all709,z0196736_Mnov_GTseek_025_363_PLT_5.fastq.sam,z0196736
GTseq.prod.all710,z0196737_Mnov_GTseek_025_199_PLT_5.fastq.sam,z0196737
GTseq.prod.all711,z0196738_Mnov_GTseek_025_201_PLT_5.fastq.sam,z0196738
GTseq.prod.all712,z0196739_Mnov_GTseek_025_203_PLT_5.fastq.sam,z0196739
GTseq.prod.all713,z0196741_Mnov_GTseek_025_205_PLT_5.fastq.sam,z0196741
GTseq.prod.all714,z0196742_Mnov_GTseek_025_207_PLT_5.fastq.sam,z0196742
GTseq.prod.all715,z0196743_Mnov_GTseek_025_209_PLT_5.fastq.sam,z0196743
GTseq.prod.all716,z0196744_Mnov_GTseek_025_211_PLT_5.fastq.sam,z0196744
GTseq.prod.all717,z0196747_Mnov_GTseek_025_213_PLT_5.fastq.sam,z0196747
GTseq.prod.all719,z0196748_Mnov_GTseek_025_215_PLT_5.fastq.sam,z0196748
GTseq.prod.all720,z0196748_Mnov_GTseek_025_365_PLT_5.fastq.sam,z0196748
GTseq.prod.all721,z0196749_Mnov_GTseek_025_217_PLT_5.fastq.sam,z0196749
GTseq.prod.all722,z0196750_Mnov_GTseek_025_219_PLT_5.fastq.sam,z0196750
GTseq.prod.all723,z0196751_Mnov_GTseek_025_221_PLT_5.fastq.sam,z0196751
GTseq.prod.all724,z0196752_Mnov_GTseek_025_223_PLT_5.fastq.sam,z0196752
GTseq.prod.all726,z0196753_Mnov_GTseek_025_225_PLT_5.fastq.sam,z0196753
GTseq.prod.all727,z0196753_Mnov_GTseek_025_367_PLT_5.fastq.sam,z0196753
GTseq.prod.all728,z0196754_Mnov_GTseek_025_227_PLT_5.fastq.sam,z0196754
GTseq.prod.all729,z0196755_Mnov_GTseek_025_229_PLT_5.fastq.sam,z0196755
GTseq.prod.all730,z0196756_Mnov_GTseek_025_231_PLT_5.fastq.sam,z0196756
GTseq.prod.all731,z0196757_Mnov_GTseek_025_233_PLT_5.fastq.sam,z0196757
GTseq.prod.all732,z0196758_Mnov_GTseek_025_235_PLT_5.fastq.sam,z0196758
GTseq.prod.all733,z0196759_Mnov_GTseek_025_237_PLT_5.fastq.sam,z0196759
GTseq.prod.all734,z0196760_Mnov_GTseek_025_239_PLT_5.fastq.sam,z0196760
GTseq.prod.all735,z0196761_Mnov_GTseek_025_241_PLT_5.fastq.sam,z0196761
GTseq.prod.all736,z0196762_Mnov_GTseek_025_243_PLT_5.fastq.sam,z0196762
GTseq.prod.all737,z0196765_Mnov_GTseek_025_245_PLT_5.fastq.sam,z0196765
GTseq.prod.all738,z0196766_Mnov_GTseek_025_247_PLT_5.fastq.sam,z0196766
GTseq.prod.all739,z0196767_Mnov_GTseek_025_249_PLT_5.fastq.sam,z0196767
GTseq.prod.all740,z0196768_Mnov_GTseek_025_251_PLT_5.fastq.sam,z0196768
GTseq.prod.all741,z0196769_Mnov_GTseek_025_253_PLT_5.fastq.sam,z0196769
GTseq.prod.all743,z0196770_Mnov_GTseek_025_255_PLT_5.fastq.sam,z0196770
GTseq.prod.all744,z0196770_Mnov_GTseek_025_369_PLT_5.fastq.sam,z0196770
GTseq.prod.all745,z0196772_Mnov_GTseek_025_257_PLT_5.fastq.sam,z0196772
GTseq.prod.all746,z0196773_Mnov_GTseek_025_259_PLT_5.fastq.sam,z0196773
GTseq.prod.all747,z0196775_Mnov_GTseek_025_261_PLT_5.fastq.sam,z0196775
GTseq.prod.all748,z0196777_Mnov_GTseek_025_263_PLT_5.fastq.sam,z0196777
GTseq.prod.all749,z0196778_Mnov_GTseek_025_265_PLT_5.fastq.sam,z0196778
GTseq.prod.all750,z0196781_Mnov_GTseek_025_267_PLT_5.fastq.sam,z0196781
GTseq.prod.all752,z0196792_Mnov_GTseek_025_269_PLT_5.fastq.sam,z0196792
GTseq.prod.all753,z0196792_Mnov_GTseek_025_371_PLT_5.fastq.sam,z0196792
GTseq.prod.all754,z0196793_Mnov_GTseek_025_271_PLT_5.fastq.sam,z0196793
GTseq.prod.all755,z0196795_Mnov_GTseek_025_273_PLT_5.fastq.sam,z0196795
GTseq.prod.all756,z0196800_Mnov_GTseek_025_275_PLT_5.fastq.sam,z0196800
GTseq.prod.all757,z0196804_Mnov_GTseek_025_277_PLT_5.fastq.sam,z0196804
GTseq.prod.all758,z0196805_Mnov_GTseek_025_279_PLT_5.fastq.sam,z0196805
GTseq.prod.all759,z0196806_Mnov_GTseek_025_281_PLT_5.fastq.sam,z0196806
GTseq.prod.all761,z0196809_Mnov_GTseek_025_283_PLT_5.fastq.sam,z0196809
GTseq.prod.all762,z0196809_Mnov_GTseek_025_373_PLT_5.fastq.sam,z0196809
GTseq.prod.all763,z0196811_Mnov_GTseek_025_285_PLT_5.fastq.sam,z0196811
GTseq.prod.all764,z0196812_Mnov_GTseek_025_287_PLT_5.fastq.sam,z0196812
GTseq.prod.all765,z0196822_Mnov_GTseek_025_289_PLT_5.fastq.sam,z0196822
GTseq.prod.all766,z0196823_Mnov_GTseek_025_291_PLT_5.fastq.sam,z0196823
GTseq.prod.all767,z0196824_Mnov_GTseek_025_293_PLT_5.fastq.sam,z0196824
GTseq.prod.all769,z0196825_Mnov_GTseek_025_295_PLT_5.fastq.sam,z0196825
GTseq.prod.all770,z0196825_Mnov_GTseek_025_375_PLT_5.fastq.sam,z0196825
GTseq.prod.all771,z0196826_Mnov_GTseek_025_297_PLT_5.fastq.sam,z0196826
GTseq.prod.all772,z0196829_Mnov_GTseek_025_299_PLT_5.fastq.sam,z0196829
GTseq.prod.all773,z0196830_Mnov_GTseek_025_301_PLT_5.fastq.sam,z0196830
GTseq.prod.all774,z0196831_Mnov_GTseek_025_303_PLT_5.fastq.sam,z0196831
GTseq.prod.all775,z0196832_Mnov_GTseek_025_305_PLT_5.fastq.sam,z0196832
GTseq.prod.all776,z0196833_Mnov_GTseek_025_307_PLT_5.fastq.sam,z0196833
GTseq.prod.all777,z0196835_Mnov_GTseek_025_309_PLT_5.fastq.sam,z0196835
GTseq.prod.all778,z0196839_Mnov_GTseek_025_311_PLT_5.fastq.sam,z0196839
GTseq.prod.all780,z0196840_Mnov_GTseek_025_313_PLT_5.fastq.sam,z0196840
GTseq.prod.all781,z0196840_Mnov_GTseek_025_377_PLT_5.fastq.sam,z0196840
GTseq.prod.all782,z0196841_Mnov_GTseek_025_315_PLT_5.fastq.sam,z0196841
GTseq.prod.all783,z0196842_Mnov_GTseek_025_317_PLT_5.fastq.sam,z0196842
GTseq.prod.all784,z0196844_Mnov_GTseek_025_319_PLT_5.fastq.sam,z0196844
GTseq.prod.all786,z0196845_Mnov_GTseek_025_321_PLT_5.fastq.sam,z0196845
GTseq.prod.all787,z0196845_Mnov_GTseek_025_379_PLT_5.fastq.sam,z0196845
GTseq.prod.all788,z0196846_Mnov_GTseek_025_323_PLT_5.fastq.sam,z0196846
GTseq.prod.all789,z0196847_Mnov_GTseek_025_325_PLT_5.fastq.sam,z0196847
GTseq.prod.all790,z0196848_Mnov_GTseek_025_327_PLT_5.fastq.sam,z0196848
GTseq.prod.all791,z0196850_Mnov_GTseek_025_329_PLT_5.fastq.sam,z0196850
GTseq.prod.all792,z0196851_Mnov_GTseek_025_331_PLT_5.fastq.sam,z0196851
GTseq.prod.all793,z0196854_Mnov_GTseek_025_333_PLT_5.fastq.sam,z0196854
GTseq.prod.all794,z0196858_Mnov_GTseek_025_335_PLT_5.fastq.sam,z0196858
GTseq.prod.all795,z0196859_Mnov_GTseek_025_337_PLT_5.fastq.sam,z0196859
GTseq.prod.all797,z0196860_Mnov_GTseek_025_339_PLT_5.fastq.sam,z0196860
GTseq.prod.all798,z0196860_Mnov_GTseek_025_381_PLT_5.fastq.sam,z0196860
GTseq.prod.all799,z0196861_Mnov_GTseek_025_341_PLT_5.fastq.sam,z0196861
GTseq.prod.all800,z0196862_Mnov_GTseek_025_343_PLT_5.fastq.sam,z0196862
GTseq.prod.all801,z0196863_Mnov_GTseek_025_345_PLT_5.fastq.sam,z0196863
GTseq.prod.all802,z0196864_Mnov_GTseek_025_347_PLT_5.fastq.sam,z0196864
GTseq.prod.all803,z0196865_Mnov_GTseek_025_349_PLT_5.fastq.sam,z0196865
GTseq.prod.all804,z0196886_Mnov_GTseek_025_351_PLT_5.fastq.sam,z0196886
GTseq.prod.all805,z0196887_Mnov_GTseek_025_353_PLT_5.fastq.sam,z0196887
GTseq.prod.all806,z0196888_Mnov_GTseek_025_355_PLT_5.fastq.sam,z0196888
GTseq.prod.all807,z0196889_Mnov_GTseek_025_357_PLT_5.fastq.sam,z0196889
GTseq.prod.all809,z0196890_Mnov_GTseek_025_359_PLT_5.fastq.sam,z0196890
GTseq.prod.all810,z0196890_Mnov_GTseek_025_383_PLT_5.fastq.sam,z0196890
GTseq.prod.all811,z0196891_Mnov_GTseek_025_361_PLT_5.fastq.sam,z0196891
GTseq.prod.all812,z0196892_Mnov_GTseek_026_001_PLT_6.fastq.sam,z0196892
GTseq.prod.all814,z0196894_Mnov_GTseek_026_003_PLT_6.fastq.sam,z0196894
GTseq.prod.all815,z0196894_Mnov_GTseek_026_171_PLT_6.fastq.sam,z0196894
GTseq.prod.all816,z0196895_Mnov_GTseek_026_005_PLT_6.fastq.sam,z0196895
GTseq.prod.all817,z0197658_Mnov_GTseek_026_007_PLT_6.fastq.sam,z0197658
GTseq.prod.all818,z0197659_Mnov_GTseek_026_009_PLT_6.fastq.sam,z0197659
GTseq.prod.all819,z0197660_Mnov_GTseek_026_011_PLT_6.fastq.sam,z0197660
GTseq.prod.all820,z0197663_Mnov_GTseek_026_013_PLT_6.fastq.sam,z0197663
GTseq.prod.all821,z0197664_Mnov_GTseek_026_015_PLT_6.fastq.sam,z0197664
GTseq.prod.all822,z0197666_Mnov_GTseek_026_017_PLT_6.fastq.sam,z0197666
GTseq.prod.all824,z0197667_Mnov_GTseek_026_019_PLT_6.fastq.sam,z0197667
GTseq.prod.all825,z0197667_Mnov_GTseek_026_173_PLT_6.fastq.sam,z0197667
GTseq.prod.all826,z0197668_Mnov_GTseek_026_021_PLT_6.fastq.sam,z0197668
GTseq.prod.all827,z0197669_Mnov_GTseek_026_023_PLT_6.fastq.sam,z0197669
GTseq.prod.all828,z0197671_Mnov_GTseek_026_025_PLT_6.fastq.sam,z0197671
GTseq.prod.all829,z0197672_Mnov_GTseek_026_027_PLT_6.fastq.sam,z0197672
GTseq.prod.all830,z0197673_Mnov_GTseek_026_029_PLT_6.fastq.sam,z0197673
GTseq.prod.all831,z0197679_Mnov_GTseek_026_031_PLT_6.fastq.sam,z0197679
GTseq.prod.all832,z0197682_Mnov_GTseek_026_033_PLT_6.fastq.sam,z0197682
GTseq.prod.all833,z0207765_Mnov_GTseek_028_113_PLT_8.fastq.sam,z0207765
GTseq.prod.all834,z0207776_Mnov_GTseek_028_115_PLT_8.fastq.sam,z0207776
GTseq.prod.all835,z0207777_Mnov_GTseek_028_117_PLT_8.fastq.sam,z0207777
GTseq.prod.all836,z0207778_Mnov_GTseek_028_119_PLT_8.fastq.sam,z0207778
GTseq.val.all1,z0012702_GTseek_030_384i5_193_Mnov_A01.fastq.sam,z0012702
GTseq.val.all2,z0018264_GTseek_030_384i5_195_Mnov_B01.fastq.sam,z0018264
GTseq.val.all3,z0040333_GTseek_030_384i5_197_Mnov_C01.fastq.sam,z0040333
GTseq.val.all4,z0040334_GTseek_030_384i5_199_Mnov_D01.fastq.sam,z0040334
GTseq.val.all5,z0040345_GTseek_030_384i5_201_Mnov_E01.fastq.sam,z0040345
GTseq.val.all6,z0040363_GTseek_030_384i5_203_Mnov_F01.fastq.sam,z0040363
GTseq.val.all7,z0040364_GTseek_030_384i5_205_Mnov_G01.fastq.sam,z0040364
GTseq.val.all8,z0040439_GTseek_030_384i5_207_Mnov_H01.fastq.sam,z0040439
GTseq.val.all9,z0040985_GTseek_030_384i5_209_Mnov_A02.fastq.sam,z0040985
GTseq.val.all10,z0041051_GTseek_030_384i5_211_Mnov_B02.fastq.sam,z0041051
GTseq.val.all11,z0043496_GTseek_030_384i5_213_Mnov_C02.fastq.sam,z0043496
GTseq.val.all12,z0043765_GTseek_030_384i5_215_Mnov_D02.fastq.sam,z0043765
GTseq.val.all13,z0043966_GTseek_030_384i5_217_Mnov_E02.fastq.sam,z0043966
GTseq.val.all14,z0047562_GTseek_030_384i5_219_Mnov_F02.fastq.sam,z0047562
GTseq.val.all15,z0047854_GTseek_030_384i5_221_Mnov_G02.fastq.sam,z0047854
GTseq.val.all16,z0051327_GTseek_030_384i5_223_Mnov_H02.fastq.sam,z0051327
GTseq.val.all17,z0051431_GTseek_030_384i5_225_Mnov_A03.fastq.sam,z0051431
GTseq.val.all18,z0051840_GTseek_030_384i5_227_Mnov_B03.fastq.sam,z0051840
GTseq.val.all19,z0053020_GTseek_030_384i5_229_Mnov_C03.fastq.sam,z0053020
GTseq.val.all20,z0053024_GTseek_030_384i5_231_Mnov_D03.fastq.sam,z0053024
GTseq.val.all21,z0053025_GTseek_030_384i5_233_Mnov_E03.fastq.sam,z0053025
GTseq.val.all22,z0053031_GTseek_030_384i5_235_Mnov_F03.fastq.sam,z0053031
GTseq.val.all23,z0053032_GTseek_030_384i5_237_Mnov_G03.fastq.sam,z0053032
GTseq.val.all24,z0053032_GTseek_030_384i5_381_Mnov_G12.fastq.sam,z0053032
GTseq.val.all26,z0053040_GTseek_030_384i5_239_Mnov_H03.fastq.sam,z0053040
GTseq.val.all27,z0053071_GTseek_030_384i5_241_Mnov_A04.fastq.sam,z0053071
GTseq.val.all28,z0053082_GTseek_030_384i5_243_Mnov_B04.fastq.sam,z0053082
GTseq.val.all29,z0053083_GTseek_030_384i5_245_Mnov_C04.fastq.sam,z0053083
GTseq.val.all30,z0053090_GTseek_030_384i5_247_Mnov_D04.fastq.sam,z0053090
GTseq.val.all31,z0053096_GTseek_030_384i5_249_Mnov_E04.fastq.sam,z0053096
GTseq.val.all32,z0053100_GTseek_030_384i5_251_Mnov_F04.fastq.sam,z0053100
GTseq.val.all33,z0053101_GTseek_030_384i5_253_Mnov_G04.fastq.sam,z0053101
GTseq.val.all34,z0053102_GTseek_030_384i5_255_Mnov_H04.fastq.sam,z0053102
GTseq.val.all35,z0053111_GTseek_030_384i5_257_Mnov_A05.fastq.sam,z0053111
GTseq.val.all36,z0053131_GTseek_030_384i5_259_Mnov_B05.fastq.sam,z0053131
GTseq.val.all37,z0053133_GTseek_030_384i5_261_Mnov_C05.fastq.sam,z0053133
GTseq.val.all38,z0053138_GTseek_030_384i5_263_Mnov_D05.fastq.sam,z0053138
GTseq.val.all39,z0053142_GTseek_030_384i5_265_Mnov_E05.fastq.sam,z0053142
GTseq.val.all40,z0053149_GTseek_030_384i5_267_Mnov_F05.fastq.sam,z0053149
GTseq.val.all41,z0053760_GTseek_030_384i5_269_Mnov_G05.fastq.sam,z0053760
GTseq.val.all42,z0053846_GTseek_030_384i5_271_Mnov_H05.fastq.sam,z0053846
GTseq.val.all43,z0053847_GTseek_030_384i5_273_Mnov_A06.fastq.sam,z0053847
GTseq.val.all44,z0055996_GTseek_030_384i5_275_Mnov_B06.fastq.sam,z0055996
GTseq.val.all45,z0055997_GTseek_030_384i5_277_Mnov_C06.fastq.sam,z0055997
GTseq.val.all46,z0055998_GTseek_030_384i5_279_Mnov_D06.fastq.sam,z0055998
GTseq.val.all47,z0056034_GTseek_030_384i5_281_Mnov_E06.fastq.sam,z0056034
GTseq.val.all48,z0056389_GTseek_030_384i5_283_Mnov_F06.fastq.sam,z0056389
GTseq.val.all49,z0056391_GTseek_030_384i5_285_Mnov_G06.fastq.sam,z0056391
GTseq.val.all50,z0063269_GTseek_030_384i5_287_Mnov_H06.fastq.sam,z0063269
GTseq.val.all51,z0063273_GTseek_030_384i5_289_Mnov_A07.fastq.sam,z0063273
GTseq.val.all52,z0063275_GTseek_030_384i5_291_Mnov_B07.fastq.sam,z0063275
GTseq.val.all53,z0063328_GTseek_030_384i5_293_Mnov_C07.fastq.sam,z0063328
GTseq.val.all54,z0063342_GTseek_030_384i5_295_Mnov_D07.fastq.sam,z0063342
GTseq.val.all55,z0066792_GTseek_030_384i5_297_Mnov_E07.fastq.sam,z0066792
GTseq.val.all56,z0066805_GTseek_030_384i5_299_Mnov_F07.fastq.sam,z0066805
GTseq.val.all57,z0075696_GTseek_030_384i5_301_Mnov_G07.fastq.sam,z0075696
GTseq.val.all58,z0187911_GTseek_030_384i5_303_Mnov_H07.fastq.sam,z0187911
GTseq.val.all59,z0195649_GTseek_030_384i5_305_Mnov_A08.fastq.sam,z0195649
GTseq.val.all60,z0195652_GTseek_030_384i5_307_Mnov_B08.fastq.sam,z0195652
GTseq.val.all61,z0195655_GTseek_030_384i5_309_Mnov_C08.fastq.sam,z0195655
GTseq.val.all62,z0195663_GTseek_030_384i5_311_Mnov_D08.fastq.sam,z0195663
GTseq.val.all63,z0195683_GTseek_030_384i5_313_Mnov_E08.fastq.sam,z0195683
GTseq.val.all64,z0195688_GTseek_030_384i5_315_Mnov_F08.fastq.sam,z0195688
GTseq.val.all65,z0195691_GTseek_030_384i5_317_Mnov_G08.fastq.sam,z0195691
GTseq.val.all66,z0195699_GTseek_030_384i5_319_Mnov_H08.fastq.sam,z0195699
GTseq.val.all67,z0195699_GTseek_030_384i5_383_Mnov_H12.fastq.sam,z0195699
GTseq.val.all69,z0195701_GTseek_030_384i5_321_Mnov_A09.fastq.sam,z0195701
GTseq.val.all70,z0195704_GTseek_030_384i5_323_Mnov_B09.fastq.sam,z0195704
GTseq.val.all71,z0195726_GTseek_030_384i5_325_Mnov_C09.fastq.sam,z0195726
GTseq.val.all72,z0195762_GTseek_030_384i5_327_Mnov_D09.fastq.sam,z0195762
GTseq.val.all73,z0195767_GTseek_030_384i5_329_Mnov_E09.fastq.sam,z0195767
GTseq.val.all74,z0195784_GTseek_030_384i5_331_Mnov_F09.fastq.sam,z0195784
GTseq.val.all75,z0196719_GTseek_030_384i5_333_Mnov_G09.fastq.sam,z0196719
GTseq.val.all76,z0196729_GTseek_030_384i5_335_Mnov_H09.fastq.sam,z0196729
GTseq.val.all77,z0196730_GTseek_030_384i5_337_Mnov_A10.fastq.sam,z0196730
GTseq.val.all78,z0196733_GTseek_030_384i5_339_Mnov_B10.fastq.sam,z0196733
GTseq.val.all79,z0196734_GTseek_030_384i5_341_Mnov_C10.fastq.sam,z0196734
GTseq.val.all80,z0196740_GTseek_030_384i5_343_Mnov_D10.fastq.sam,z0196740
GTseq.val.all81,z0196746_GTseek_030_384i5_345_Mnov_E10.fastq.sam,z0196746
GTseq.val.all82,z0196763_GTseek_030_384i5_347_Mnov_F10.fastq.sam,z0196763
GTseq.val.all83,z0196764_GTseek_030_384i5_349_Mnov_G10.fastq.sam,z0196764
GTseq.val.all84,z0196774_GTseek_030_384i5_351_Mnov_H10.fastq.sam,z0196774
GTseq.val.all85,z0196783_GTseek_030_384i5_353_Mnov_A11.fastq.sam,z0196783
GTseq.val.all86,z0196794_GTseek_030_384i5_355_Mnov_B11.fastq.sam,z0196794
GTseq.val.all87,z0196810_GTseek_030_384i5_357_Mnov_C11.fastq.sam,z0196810
GTseq.val.all88,z0196828_GTseek_030_384i5_359_Mnov_D11.fastq.sam,z0196828
GTseq.val.all89,z0196834_GTseek_030_384i5_361_Mnov_E11.fastq.sam,z0196834
GTseq.val.all90,z0196838_GTseek_030_384i5_363_Mnov_F11.fastq.sam,z0196838
GTseq.val.all91,z0196843_GTseek_030_384i5_365_Mnov_G11.fastq.sam,z0196843
GTseq.val.all92,z0196849_GTseek_030_384i5_367_Mnov_H11.fastq.sam,z0196849
GTseq.val.all93,z0196852_GTseek_030_384i5_369_Mnov_A12.fastq.sam,z0196852
GTseq.val.all94,z0196855_GTseek_030_384i5_371_Mnov_B12.fastq.sam,z0196855
GTseq.val.all95,z0196856_GTseek_030_384i5_373_Mnov_C12.fastq.sam,z0196856
GTseq.val.all96,z0196857_GTseek_030_384i5_375_Mnov_D12.fastq.sam,z0196857
GTseq.val.all97,z0197662_GTseek_030_384i5_377_Mnov_E12.fastq.sam,z0197662
GTseq.val.all98,z0197665_GTseek_030_384i5_379_Mnov_F12.fastq.sam,z0197665
RunMS431,133302_S784_L001_R1_001.fastq.gz.sam,z0133302
RunMS432,187857_S785_L001_R1_001.fastq.gz.sam,z0187857
RunMS433,195776_S786_L001_R1_001.fastq.gz.sam,z0195776
RunMS434,195777_S787_L001_R1_001.fastq.gz.sam,z0195777
RunMS435,195777b_S792_L001_R1_001.fastq.gz.sam,z0195777
RunMS436,196887_S788_L001_R1_001.fastq.gz.sam,z0196887
RunMS437,197665_S789_L001_R1_001.fastq.gz.sam,z0197665
RunMS438,197682_S790_L001_R1_001.fastq.gz.sam,z0197682
RunMS439,37609_S769_L001_R1_001.fastq.gz.sam,z037609
RunMS4310,40513_S770_L001_R1_001.fastq.gz.sam,z040513
RunMS4311,41051_S771_L001_R1_001.fastq.gz.sam,z041051
RunMS4312,43475_S772_L001_R1_001.fastq.gz.sam,z043475
RunMS4313,43498_S779_L001_R1_001.fastq.gz.sam,z043498
RunMS4314,43839_S773_L001_R1_001.fastq.gz.sam,z043839
RunMS4315,43979_S774_L001_R1_001.fastq.gz.sam,z043979
RunMS4316,43979b_S791_L001_R1_001.fastq.gz.sam,z043979
RunMS4317,43980_S775_L001_R1_001.fastq.gz.sam,z043980
RunMS4318,44432_S776_L001_R1_001.fastq.gz.sam,z044432
RunMS4319,45331_S777_L001_R1_001.fastq.gz.sam,z045331
RunMS4320,47854_S778_L001_R1_001.fastq.gz.sam,z047854
RunMS4321,53100_S780_L001_R1_001.fastq.gz.sam,z053100
RunMS4322,55931_S781_L001_R1_001.fastq.gz.sam,z055931
RunMS4323,56392_S782_L001_R1_001.fastq.gz.sam,z056392
RunMS4324,75696_S783_L001_R1_001.fastq.gz.sam,z075696
RunMS451,175371_S14_L001_001.fastq.sam,z0175371
RunMS452,175371b_S34_L001_001.fastq.sam,z0175371
RunMS453,187857_S15_L001_001.fastq.sam,z0187857
RunMS454,187857b_S35_L001_001.fastq.sam,z0187857
RunMS455,195776_S16_L001_001.fastq.sam,z0195776
RunMS456,195776b_S36_L001_001.fastq.sam,z0195776
RunMS457,195777_S17_L001_001.fastq.sam,z0195777
RunMS458,195777b_S37_L001_001.fastq.sam,z0195777
RunMS459,196887_S18_L001_001.fastq.sam,z0196887
RunMS4510,196887b_S38_L001_001.fastq.sam,z0196887
RunMS4511,197665_S19_L001_001.fastq.sam,z0197665
RunMS4512,197665b_S39_L001_001.fastq.sam,z0197665
RunMS4513,197682_S20_L001_001.fastq.sam,z0197682
RunMS4514,197682b_S40_L001_001.fastq.sam,z0197682
RunMS4515,40513_S1_L001_001.fastq.sam,z040513
RunMS4516,40513b_S21_L001_001.fastq.sam,z040513
RunMS4517,43475_S2_L001_001.fastq.sam,z043475
RunMS4518,43475b_S22_L001_001.fastq.sam,z043475
RunMS4519,43839_S3_L001_001.fastq.sam,z043839
RunMS4520,43839b_S23_L001_001.fastq.sam,z043839
RunMS4521,43980_S4_L001_001.fastq.sam,z043980
RunMS4522,43980b_S24_L001_001.fastq.sam,z043980
RunMS4523,45331_S5_L001_001.fastq.sam,z045331
RunMS4524,45331b_S25_L001_001.fastq.sam,z045331
RunMS4525,45401_S6_L001_001.fastq.sam,z045401
RunMS4526,45401b_S26_L001_001.fastq.sam,z045401
RunMS4527,45405_S7_L001_001.fastq.sam,z045405
RunMS4528,45405b_S27_L001_001.fastq.sam,z045405
RunMS4529,47854_S8_L001_001.fastq.sam,z047854
RunMS4530,47854b_S28_L001_001.fastq.sam,z047854
RunMS4531,53100_S9_L001_001.fastq.sam,z053100
RunMS4532,53100b_S29_L001_001.fastq.sam,z053100
RunMS4533,55903_S10_L001_001.fastq.sam,z055903
RunMS4534,55903b_S30_L001_001.fastq.sam,z055903
RunMS4535,55931_S11_L001_001.fastq.sam,z055931
RunMS4536,55931b_S31_L001_001.fastq.sam,z055931
RunMS4537,56392_S12_L001_001.fastq.sam,z056392
RunMS4538,56392b_S32_L001_001.fastq.sam,z056392
RunMS4539,75696_S13_L001_001.fastq.sam,z075696
RunMS4540,75696b_S33_L001_001.fastq.sam,z075696